,movie,star,comment
0,遗愿清单,4,前提是：你也得有钱才行啊！
1,遗愿清单,5,在电影最后卡特的念白声中，科尔来到女儿家，俯身亲吻美丽的孙女，随后划去“亲吻世上最美的女孩”，我就开始哭，一直哭到电影结束，太温暖了，这个故事仿佛离我很远啊，可我为什么会被感动成这样子。
2,遗愿清单,5,笑了三分之二，最后开始落泪。你亲吻了世界上最美的女孩，你们的故事成为别人见过的最美的传奇。
3,遗愿清单,5,渐入佳境，直击心灵。老卡特的问题：在你的生命中，是否有过欢乐？那你这一生，有没有给别人带去快乐？爱德华的经验：想尿别谦让，硬了就快上，屁要小心放！
4,遗愿清单,5,喜欢定好小计划然后一一划去的小成就感
5,遗愿清单,4,Fing the joy in your life...在巴黎吃早饭，去香港吃午餐，溜弯儿到长城飙摩托，插缝跳伞，赛车，开飞机去金字塔和泰姬陵……两个老头去全世界旅游，用剩余不多的时间，去燃烧他们的整个生命。我也想如此来一次生命的释然！“这个故事里总有一些你因为今生没有做过而无限懊恼的事情。”When he closed
6,遗愿清单,4,那一刻，他闭上了双眼，却敞开了心灵。
7,遗愿清单,4,"""Kiss the most beautiful girl in the world."" 哭了。。。"
8,遗愿清单,4,两个演员真好。两人在医院里关系慢慢建立的部分挺好的，我喜欢做化疗那段的设计，编剧有心。反而是作为重头戏的实现遗愿部分，写得很一般，临死前的遗愿就是环球旅行实在有点轻浮。还是欠缺些力量。
9,遗愿清单,5,"so one day when i go to some final resting place,if i happen to wake up next to a certian wall with a  gate i hope that you are there"
10,遗愿清单,5,就算得了癌症，在连走廊都是病床的国内医院，你周围都是治不起病或是医保结算的老百姓。所以别做梦了，你的邻床不会是亿万富翁，有遗愿就好，别列什么清单，都是美好的夙愿而已！虽然感觉片中景点都是电脑特效，但我还是当风景片欣赏了这般美好。也的确被片子感动到了，这就是好莱坞+老戏霸的魅力。
11,遗愿清单,4,我笑了，也哭了
12,遗愿清单,4,幽默而感人，向肖申克致敬
13,遗愿清单,4,不知死焉知生
14,遗愿清单,5,过早意识到人生的边际，不知是福是祸。人都在承受自己无知的贪婪带来的后果，或是挥霍光阴，或是自怨自艾。很适合在飞机上看的一部片子，心情和飞机的颠簸一起，跟随爱德华的脚步，走遍世界。观看和践行融合一处，让人舒服也让人流泪。
15,遗愿清单,4,"@1、两个老戏骨飚戏，一个沉稳，一个怪才，摩根依旧扮演着旁观者；@2、Never too late!那一刻，他的眼睛是闭上的，他的心是敞开的；
@3、人生苦短，及时行乐。如果你知道你只有半年的时间，你会怎么度过？"
16,遗愿清单,5,（9/10）本片和长濑智也演的《天堂之门》、片冈智晴的《水仙》都是翻拍自《敲开天堂的门》。但相比《天堂之门》一味地照搬原作，《遗愿清单》和《水仙》有着更为独到的创作思路。本片把重心放在原作的那张清单上，纯朴而美好。美国的科幻、战争、动作大片都重复得叫我一个烦，但人文类总能打动我。
17,遗愿清单,4,剧情很童话，不是每个人都能遇到有钱人。两大影帝的飙戏相当的过瘾，故事美好，令人感动，对多数人而言，可能也不想等到快死的时候再去想我这辈子还有什么事没做，但往往是生活所迫，在残酷的现实面前理想多么渺小。还是洗洗睡吧，明天要上班。8.0
18,遗愿清单,4,如果可以，当然选择知道自己的死期啊，不然来不及好好告别，来不及放纵享受，来不及把挣的钱花掉。
19,遗愿清单,4,弗里曼和尼科尔森，竟然岁数一样大啊。都说友情历久弥香，原来也有一种情谊，由浅至深，发酵的可以是那么快。无关金钱，无关利益，特别喜欢、艳羡他们的相识相知，那种懂你的友情
20,遗愿清单,5,"have you found the joy in your life?
it's too beautiful thus it seems always not been satisfied no matter how
 you lived it
"
21,遗愿清单,5,主题，还是唤起人们追忆，那些因为这样那样的原因，而没有完成的梦想。在人生的尽头，看看有没有什么遗憾落下。
22,遗愿清单,5,死亡治愈系，演员老戏骨，导演台词霸；从小学，语文老师就教导我们写作文要“以小见大”，结果到大学也没明白，怎么从乒乓球里见到地球，其实很简单，看几部Reiner的片就能明白什么叫小人物大情怀，想必即将变成白人的冯老师没少偷学吧？
23,遗愿清单,4,"世上^大多档娜硕己ε滤劳.槭颤N怕死呢??x不_H鄣娜??在世]能做好事??e人有欠??或是害怕未知的世界??自己明白在世的日子後想做一些想做s]做^的事.片子有晌换加兄刂⒉∪苏归_,y手展_做一些是自己了oz憾地x去.把它w橄∑真心不合m."
24,遗愿清单,4,大多数人老去的时候会发现自己还有很多曾经想做却又没能去做的事情，而此生已经无法一一实现了，但如果你有大笔钱的话，就另当别论了。故此告诫我们，年轻的时候要努力赚钱，才能在人生最后的那段时光，尽情放肆！PS:封面海报带墨镜那位，我认成了Jack Bauer。
25,遗愿清单,5,吻世界上最美的女孩儿
26,遗愿清单,5,闭上眼敞开心，面对上帝，对他说：我活着的时候给自己快乐，也给别人快乐了。两大戏骨，华丽背景，通俗情节，我傻傻的感动~~~
27,遗愿清单,5,人生剩下几个月时，所有的事都变得那么得有意义，让人想起苍蝇一分钟的生命。两大老牌影帝联手，既滑稽又辛酸，既疯狂又温情的生命之旅。
28,遗愿清单,5,两大老戏骨真是不得不让人佩服，感叹也是看一部少一部了。 现阶段是想把自己的葬礼弄的喜剧幽默的，希望能如愿。
29,遗愿清单,5,"""I know that when he died, his eyes were closed, and his heart was opened"" 。喜欢网友评论中的这句：“人上寿百岁，中寿八十，下寿六十，除病瘦死丧忧患，其中开口而笑者，一月之中不过四五日而已矣。"""
30,遗愿清单,5,What is my bucket list? And what're yours?2008-12-14
31,遗愿清单,5,故事其实又是我最无爱的励志类，不过因为老头子的演技，给五星是必须的。清单里面的“亲吻最美丽的女人”一项本以为FREEMAN会献给他的妻子咧...
32,遗愿清单,5,人生的意义是什么？我到现在都无法下结论。但我至少能这么说：我知道，爱德华在离世时闭上了双眼，却敞开了心灵。 
33,遗愿清单,4,当生命的极限被自己知道的时候，你会做出些什么呢？别等到那时才觉得来不及了…
34,遗愿清单,5,"很棒很棒的一部电影！让我一晚上的时光都洋溢着一种温馨和恬静~
每个人应该都曾经或多或少的害怕过死亡，因为我们谁也逃不掉这个生命旅程中必须抵达的终点，而如果死前还可以有过这样一个list和这样一番经历，那或许真的可以如影片中所说，“虽然闭上了眼睛，却敞开了心灵……”温情的好片！"
35,遗愿清单,5,"""to kiss the most beautiful girl in the world"",这个收尾价值五星"
36,遗愿清单,5,老戏骨啊。人探索自己存在的意思生命的意义，我每次一想到这个就无从下手。所有人都在探讨，有自己的答案。你也需要发现你自己的答案。
37,遗愿清单,4,kiss the most beautiful girl in the world
38,遗愿清单,5,当john mayer的say what you need to say响起的时候，我似乎已经不是站在小小的办公室里，年少轻狂的那些梦如同倒影一般闪回，自己曾埋下的bucket list，是时候把它们都找回来了。
39,遗愿清单,4,摩根最好的一部片。不新鲜但是令人激动的老夫聊发少年狂。不过如果是我到了那种时候，什么一生一个女人的贞操观……您坚守到了最后真了不起。不过硬要富翁去跟女儿和好那里还是和谐得有些刻意了。算吧。最棒的是一个个划掉清单名目，尤其是最后的葬礼发言稿与雪山……
40,遗愿清单,4,高空跳伞、赛车、在非洲大草原与动物们一起奔驰、在埃及金字塔前看夕阳、飞越北极圈、在法国吃早饭、香港吃晚饭、长城上飚摩托、西藏爬雪山……没钱这些都是mission impossible！！另外，小李同学现在是越来越像杰克。尼科尔森了！！！
41,遗愿清单,4,也许是电影期望过高或者是当时看的心情不够平静 没有想象中的好 不过主题很深刻 ―― 你想知道自己是什么时候死的吗？96%不愿意，4%愿意，谁是那4%？
42,遗愿清单,5,杰克尼克尔森老了还那么潇洒，很棒，我还是不喜欢那些太露骨，太真实，太人性的片子，因为人类本身很可怜，把碌碌无为的生活想得太现实无异于抱起石头砸自己脚，人间存在奇迹，就看你怎么想。
43,遗愿清单,4,好吧算你狠 。哭了 。适合心情本来就复杂时候看。没有足够钱玩着还真费劲
44,遗愿清单,4,看淡尘世，向死而生。两位老戏骨的表演无可挑剔，Nicholson老了还是那么怪诞。
45,遗愿清单,4,"能在生命的最后时刻实现自己的价值和愿望并结交一位好友也是人生完美的谢幕了，两个老戏骨本来

                     就有看头，再加上很好的剧情，佳片就是这样的"
46,遗愿清单,4,部分情感觉得进展很快，不过这俩老头组合真不错。如果我老了还有那么多钱，也要找个能谈得来、也能互相掐嘴架的人一起去周游世界。
47,遗愿清单,4,Have you found joy in life? Has your life brought joy to others? We all should ask ourselves the two questions in our deathbeds.
48,遗愿清单,5,人们总是给自己找各种各样的借口来拖延自己本来最应该做的事情，直到生命的最后时刻，却发现自己长期以来做的都是不重要或者次重要的事情，而对自己最重要最想要完成的事情却被遗忘或者耽误了。看完电影马上行动起来，列个2010的清单也不迟……
49,遗愿清单,5,have joy in life怎么有那么容易咯 正如某人短评 得先有钱啊 整个感觉像是基情四射的包养 最后还是死在医院里有点失望 尼克尔森从疯人院到闪灵到这个 真是宝刀未老啊 弗里曼感觉后来接的角色都很相似了 没啥突破
50,遗愿清单,4,当一个人的生命走向尽头，当死神站在不远的街角微笑地招手，无论你是高富帅抑或潘浚都不免打个寒噤、纠结于心。科尔和卡特就是这样一对患友，同样面对癌症，他们决定去完成一些心愿。当然，没有金钱是万万不能的。潘靠ㄌ赜黾富豪科尔也是一种宿命吧，至少有冲动亦有行动及经济基础。值得一看
51,遗愿清单,4,生。老。病。死。人生真正能概括的其实也就这四个字。世上还是有千千万万个人没有片中两人那样幸运的就这么抱憾地去了。认真活在当下。
52,遗愿清单,5,We live to die another day. 老坏蛋的演技真的是没挑了... close your eyes and open your mind. 
53,遗愿清单,4,过年的时候教会了爷爷奶奶用电脑，还申请了个QQ号给他们。。。。昨天偶然瞟到奶奶的Q上面的状态，瞬间石化了。。＂当你不去旅行，不去冒险，不去谈一场恋爱，不过没试过的生活，挂着QQ，刷着微博，逛着淘宝，干着我80岁都能做的事情。。你要青春有毛线用。
54,遗愿清单,5,很庆幸，14年的第一部电影看了一部如此让人感动的电影。关于生命的长度与厚度，我们总也找不到平衡。关于梦想要去完成的事，我们总是有理由用理性去拒绝。关于人生，我们不是或者别人的眼光里，就是为了谁付出了自己的人生。不想有天哭着感叹，时间都去哪儿，就笑着划去一条条＜遗愿清单＞！
55,遗愿清单,4,爱该爱的人，做该做的事，人生真的该这么活！可是......我还没得绝症，下不了决心。。。。。~
56,遗愿清单,5,"“find the joy in your life"" 于是，他亲吻了世界上最美丽的女孩。两老头一起跳伞、赛车、周游世界、在金字塔上聊天，最后，一起见识了真正的神迹。"
57,遗愿清单,5,笑了三分之二，最后开始落泪。你亲吻了世界上最美的女孩，你们的故事成为别人见过的最美的传奇。
58,遗愿清单,4,有些事现在不做，以后就么得机会了...ps.一路玩到挂的译名更妙啊^^
59,遗愿清单,4,"""Kiss the most beautiful girl in the world"" 如果老天想要安排一场葬礼，是何等容易。"
60,遗愿清单,5,Jack Nicholson和Morgan Freeman老蚬堑呐鲎玻砹g笑和冷o的反思，生命⒅恋如@一知己，已是人生幸事已～Kopi Luwak初中已知的典故，等著Freeman耍，也笑出眼I～好演T就是有手腕能你笑中I，又拿捏得得人思w于o致h～
61,遗愿清单,4,记得标注过了。
62,遗愿清单,5,很棒，在家看蓝光的，从此以后DVD可以淘汰了！画面太精彩了！但我发誓从此以后不和别人分享电影了，太可恶了。
63,遗愿清单,5,"各种感动，不到大限还真不知道最珍贵的是什么。不过杰克・尼克尔森的那段“Three things to remember when you get older:Never pass up a bathroom,never waste a hard-on,and never trus”（当你老了要记住三件事：想尿别谦让，硬了就快上，屁要小心放）还真是扑哧笑三声哈！！！男同胞么，记住了哈"
64,遗愿清单,4,"we all kick the bucket in the end, mais avant.. 很温暖！"
65,遗愿清单,4,主打感染力的片最怕前戏铺垫的乏味，好在两位影帝的实力完全撑足场面，加上尾声的主题升华就已相当成功了。（那些说卡特拜金的人根本没看进去吧。）
66,遗愿清单,4,我很喜欢 J N 的。。。
67,遗愿清单,4,最近这么喜欢看老年人的电影，相比来说，中间部分有点松散，不如后面那么扎实有劲。
68,遗愿清单,5,其实是很触动的。如果确确实实感受到死亡这件事情，看问题的角度变化会太大，所以很多事情都跟从前不一样了。“人活着就是为了某天死去”，我们的余生还有多少事情是想做的？
69,遗愿清单,4,假期出去玩回来我妈在看说很好看，果真很不错。想想自己死的时候遗愿清单上要列些什么呢？感触颇多。
70,遗愿清单,4,其实在我看来剧情有点做作和无聊，好在尼克尔森和弗里曼演技惊人，时不时的温情点也恰到好处的或是催人泪下，或是让人莞尔。生命与死亡的意义在于什么，你我心中都有答案的。
71,遗愿清单,5,人生的意义，从那些以你为镜的人身上，看到你自己的人生意义。“上帝”大爷的老婆说，“他死了，离开我，我可以接受。但我接受不了，他还活着，却离开我。”
72,遗愿清单,4,特温暖，特伤感的片子，看的我眼泪不自觉打转！临死前能傍个大款真是件美事！
73,遗愿清单,5,这是一个意料中的，一点都不哀伤的结局――既然它叫遗愿清单，相信导演也不会耍我们。是的，每个人都将面临这样的事，这样的时刻。重要的是到了这一刻，你是什么样的人。不论是Ed，还是Carter，他们走得都很坦然，了无牵挂，可以说很幸福。一个人一生，有几次这样的机会。甚至，我也希望我能这样死去。
74,遗愿清单,4,杰克61尼克尔森和摩根・弗里曼的演技真是没得说。不过现实和理想总是有差距的，真的到了癌症晚期，身上的病痛会让你根本无法欣赏任何一种美景吧。与其在死前才想到要做，不如趁年轻的时候尽早的去完成属于你的遗愿清单。
75,遗愿清单,5,摩根弗里曼+杰克尼克尔森=五星=完美。与死亡有关的话题不管多么幽默也总带有伤感，主人公们笑谈生死也不失为一种境界。人总是说珍惜把握，不要时间结束时追悔莫及，但人本能的认为自己离死亡很远，就像我到了期末考试才开始抓紧。也许我也该问问我是否真正快乐过，是否给别人快乐。现在开始写清单。
76,遗愿清单,5,那些疯狂的小事。是不是等到最后了才会后悔没有做。那些爱到心底的人。是不是应该在最后让他们知道。那些现在浮上心头的惧怕和震动。那个在未来某一天终会来临的日期。The bucket list。关于生死的思考。总会与泪水同行吧。人生。还是要Carpe Diem。我那份list。也会写的
77,遗愿清单,4,跳伞。赛车钥匙扣。我恨得你牙痒痒。一个怕得要死立马开伞，怕变成葬礼上的蛋饼；一个开心到死偏不开伞，吓死陪跳的人员。秘书眼睛好蓝性格好可爱。阔气老头真淘气，辛苦秘书爬雪山，两人骨灰并列放，竟然装在咖啡罐。附：想上厕所时，千万别憋着。拉不出来时，别白费力气。别以为放屁，就真想上厕所。
78,遗愿清单,5,有一段时间我也想过要列一个单子，尽可能这一生去完成。看这个片子印象最深的是他们的一个愿望”大笑到流泪“，当时看到他们最后的那段对话，我是小的，关于猫屎咖啡那个。但是最后真的笑着笑着我就哭了。他们是笑得太大哭了，但是我那时候真的是难过。
79,遗愿清单,5,1.诚意之作。2.遗愿清单像是一张人生的地图，在人生最后的路上帮他们找到宝藏。3.本片的演员都很厉害，Morgan Freeman自然不必多说，Jack的出现意外没有让我出戏，虽然他在这里严肃的样子没有让他飙到演技。4.最可爱的一幕 Tomas:I'm proud of you!  Edward:Nobody care what you thought.
80,遗愿清单,4,H吻世界上最美的女孩，椭一complete stranger，然後你也跟著完M了。
81,遗愿清单,4,"say what need to say, do what you need to do. 这俩搭档真太有爱了。"
82,遗愿清单,4,前面略显平淡，后四分之一触动很多，泪中带笑。1.突然明白结婚生孩子其实就是怕死的时候孤单一人。2.我爱这生命，愿我能多享受其中。
83,遗愿清单,5,"这部电影本来可以给它4星,鉴于两位大拿的出色表演实在不好意思不给第5刻"
84,遗愿清单,5,知道这部电影是在看NBA的时候，听到解说员译男说的，因为当时两位主演在现场看球赛，就去找了，还蛮感人的，也有搞笑的地方，jack在喜马拉雅上带的有中国解放军徽章的帽子，说的经典台词，人老了三件事要注意，有尿不要忍，硬了就快上，有屁小心放!真是一部值得慢慢咀嚼的好电影！
85,遗愿清单,4,看《苍蝇一分钟》的生命时有人提到了这部电影，list的设定真的蛮好的，那些计划的，完成的，未完成的，说教有点老套，但的确很感人，最后亲吻世界上最美丽的女孩的桥段很煽情，不过有钱是好啊，可以做这么多我们也许永远没机会做的事情，去这么多想去的地方~
86,遗愿清单,5,趁着没死，做自己想做的事吧。。。多简单的道理，可我们老是弄不明白。
87,遗愿清单,4,果然有风景还有演技看~~尼科尔森演的太好鸟~~
88,遗愿清单,4,Nicholson下巴上的垂肉，Freeman脸上的老年斑，老戏骨的疯狂。人就该这样活着，就该这样去死
89,遗愿清单,5,两个老家伙把这个戏演得相当睿智 虽然有些地方有点牵强 但总体来讲对于人生意义和感情追求的主旨还是成功的体现了出来
90,遗愿清单,4,08.04.2010    English class
91,遗愿清单,4,所谓得不到的来不及的最让人渴望，生命最后的阳光什么的都是胡扯。其实吧，要是没有经济基础，这两人也没有这段日子。多一颗星给两位老人家的卖力表演。
92,遗愿清单,5,“一个人一生的意义很难衡量，有人认为，这在于此人留下了什么，而有人则认为这在于一个人的信仰，还有人认为这在于爱。其他人则说生命根本没有任何意义。”“我知道当他离去时，他的双眼是紧闭的，而心灵却是敞开的。”面对死亡不惧怕，活在当下最重要。两个老戏骨的基情好温馨。
93,遗愿清单,4,"say what you need to say, do what you need to do, even it just happen in your dream"
94,遗愿清单,5,死生契阔，与子相悦；执子之手，与子偕老……
95,遗愿清单,4,看了Say（John Mayer）的MV才想起看这部电影，其实电影更像是Live Like You Were Dying（Tim McGraw）的超长版MV。也许主人翁定位在工薪阶级身上比定位在亿万富豪身上要更有意义。
96,遗愿清单,5,很好看呢亲！我都感动得要流泪了！虽然没有流下来但是还是感脚很强大！tommy也就是mathew长得好帅而且人又聪明心地也善良我好洗翻啊！虽然主角不是他！我其实想说的是，如果我知道自己将死，我也会给自己一个牛逼的计划，完成那些没有完成的梦想的！好励志哦！
97,遗愿清单,4,"两大老戏骨的对手戏，老了都这么基情四射？！
电影看起来很轻松，也很沉重，人老了都会这么去思考生命？"
98,遗愿清单,5,两位老戏骨碰到一起，必然是火花四溅，举手投足间都是魅力。看到年迈的尼克尔森，想到他闪灵中的惊悚笑容，无论如何也不能和老爱德华联系起来。这种错觉感，就算是对他演技的一种赞叹了吧。（但很多演员，尤其是国内的，什么地方看到他\她，感觉永远都是他自己）
99,遗愿清单,4,"对于身在外貌协会的我，一直犹豫呢――两个老男人的喜剧片有什么好看的。。
差一点就错过了，真的不错，真是《一路玩到挂》。娱乐又不失教育意义。"
100,遗愿清单,5,很喜欢。看完这部电影，我也在划去我的TOP159电影清单里的一条。两个老家伙一起去消灭人生最后关头的从未，那些温情和感动，不再需要客观的标准评判。
101,遗愿清单,5,一个泪点很高的人告诉我看完的时候哭得昏天暗地，而我一直都抱着沉重的心情，无关感情，亲情、友情、爱情统统无关，却深深动情。每个今天，都是余下生命的第一天。努力地去实现自己的渴望实现梦想吧
102,遗愿清单,4,前面笑点不少，爱德华的那个眼镜我太喜欢了。后面亲吻世界上最美的女孩真是意外的完成方式。
103,遗愿清单,4,"两个老头的表演就值得多加一星,但电影本身还是美国家庭温情片的常见套路."
104,遗愿清单,5,强烈推荐，这是我见过的影帝级男演员联手作品里最好的一部，没有之一！
105,遗愿清单,4,BDRip:http://www.verycd.com/topics/285050/
106,遗愿清单,5,两大影帝都表现很好，一开始是很温馨的片子，越到后来越是伤感，真是让人感叹人生啊。那个结尾让我给这电影打上了五星。
107,遗愿清单,4,有笑有泪的俩家伙 发现电影赏析的老师选片眼光还是挺独到的
108,遗愿清单,4,看不进去就是两个老头子絮絮叨叨，看得进去就是部很好的温情片儿。更何况我是多喜欢Morgan Freeman这老头子啊
109,遗愿清单,5,"两个已经成精的演员和那句歌词：If today was your last day,tomorrow was too late。"
110,遗愿清单,5,"Morgan Freeman Morgan Freeman Morgan Freeman Morgan Freeman Morgan Freeman Morgan Freeman 
又系你，
剧情都几好，珍惜眼前，学会生活"
111,遗愿清单,4,这样一个剧本，这样两个老戏骨，再怎么也不会让这部片子的质量大打折扣，这绝对是部好片，但绝对不是最好的
112,遗愿清单,4,"不算深刻,但值得一看,总觉得,还是不要堪堪的留待弥留之际,才想起自己的梦想来."
113,遗愿清单,5,跟对的人在一起，无论看到什么风景都是最美的风景，但是可能有天突然醒来，你却发现你迷失了你自己；一个人的时候，总感觉内心深处有个真实的自己需要被找到，于是不停地向前跑，好像离他越来越近了。。。可是，又好像总是到不了，或许就只是为了逃避寂寞的围堵~~~
114,遗愿清单,4,do you find joy in your life?
115,遗愿清单,4,The day I died was the best day of my life...
116,遗愿清单,4,人生的意义，我想就是在有限的生命里，试着去实现我们的愿望，在弥留之际，可以不留任何的遗憾。科尔说，卡特生命最后的时光，也是他一生中最棒的时光。这是两位老人相互完美了彼此的人生。即使闭上了双眼，但却敞开了心灵。轻吻最美丽的女孩，如果当初我们是在笑的话，看到最后，我们顿时就觉得肤浅了
117,遗愿清单,4,当生命剩下六个月时，你会做什么？影片给了你答案。两个老家伙很有意思。
118,遗愿清单,4,概念好，执行的比较老套，环游部分绿幕痕迹太明显，但4500万做到这样也不错了。相对更喜欢前30分钟，几处细节做的好，两个老演员补了很多，如果没有他们就太单薄了。最后单为摩根弗里曼加一颗星。
119,遗愿清单,4,亿万富翁活得不如小技工。他们都没悟透人生的真谛。
120,遗愿清单,4,we live to die another day.
121,遗愿清单,5,片头Freeman的声音缓缓将我们带入剧情，也许这是一个奇人的故事~但最后我一度感觉让他旁白绝对是一处败笔！故事本身很鼓舞人心，为梦痴狂，为爱痴狂！非常喜欢两位老戏骨的飙戏，同样喜欢的是片中两位人物的性格~片尾温情涟涟，片尾曲“say”也激情洋溢 很好的切合了主题！
122,遗愿清单,5,"不明白为什么是个冒险喜剧....但是针对超级感动,可以反思下自己的人生...."
123,遗愿清单,4,"The ancient egyptian have a beautiful belief about death, one, have you found the joy in your life? two, have your life brought joy toothers"
124,遗愿清单,4,在病魔面前无从选择，因孤独而敞开心扉．影片从无奈中开始．．坦然的面对是需要勇气的．．很不错的影片．．看的时候不尽流泪拉．．
125,遗愿清单,4,"弗里曼，尼科尔森，两个老影帝，演技当然不用说
真的是一部值得看的电影，人生的思考"
126,遗愿清单,5,被温情完美打动，大爱。常列一些list，让自己不遗憾。
127,遗愿清单,5,    Morgan在离世时要Jack追求生命中最真实的快乐。512之后的我们也要好好思考，什么是最最真实的快乐。
128,遗愿清单,5,两个老戏骨的片子当然好看。　最喜欢jackNicholson的坏笑。
129,遗愿清单,5,看之前完全不知道是两大影帝联手，第一眼看到EDWARD老头，脑中立马映出飞跃疯人院里疯癫的笑。刻薄老头得了个癌症开了次颅脑，醒过来突然变这么有趣了一刚。各国风景很美，最后一段超级泪点。
130,遗愿清单,4,face the death peacefully.....
131,遗愿清单,4,对死亡的无畏才是真正的超脱。
132,遗愿清单,5,一辈子不留遗憾，他们的眼睛是闭上的，但他们的心扉是敞开的
133,遗愿清单,5,纠结啊纠结， 一星还是五星呢，一星吧
134,遗愿清单,4,尽管我们没有像电影中主角那么有钱，但在自己的经济能力许可之下，我们又为自己做了什么。人生不应该留遗憾，不要去探究里面有多少是背景特效做出来的，不要酸葡萄说假如我有钱我也可以到处去看。去旅行吧，一年一次，节衣缩食也无所谓，当愿望达成的时候，知道一切都是值得的
135,遗愿清单,5,"看这部电影的时候,我正在经历着什么.  外人谁也不会知道...只有我的感受最刻骨铭心."
136,遗愿清单,4,两条友CANCER晚期写下的清单，他们把生命说得那么幽默~
137,遗愿清单,5,两个老基友很有爱……最感人的是老富翁划掉的最后几个愿望。555，这两个人的骨灰最后都搁在珠穆朗玛峰了。擦眼泪~~~PS：我刚知道据传华特迪斯尼死了之后把自己用液态氮冷冻了，汗……
138,遗愿清单,4,探讨生命的电影很多，这部并不见得是最出彩的！虽然想说能在死前这么放纵一把，起码你给有钱啊？或者认识了一个很有钱又愿意和你一起疯的人！但结尾爱德华把遗愿清单上帮助一个陌生人那条划掉时我还是泪了，生命意义有很多，也许一生中自己能够感到快乐并且能够给别人带来快乐是最重要的！
139,遗愿清单,4,这部片子很温情、当摩根突然领悟回家的时候让我觉得很感动对这类的电影没什么抵抗力、、、
140,遗愿清单,4,"2008-09-13, Last tries in life."
141,遗愿清单,4,对于everyone来说，这太奢侈。但everyone如果用心寻找，会发现自己所拥有的美好。此生不易，且行且珍惜。
142,遗愿清单,5,老婆，我上上周看过这部电影，呼呼，很喜欢，嗯，老婆，我也在聊天的时候和你说了，就是我想如果我还剩下6个月的话，我会做什么，嗯，老婆，如果我还有六个月的生命，我会用尽所有，找到你……老婆，或许不让你知道吧，悄悄地看看你，陪陪你，然后让你觉得是我和别人好了，老婆，然后我就离开世界了…
143,遗愿清单,4,如何用人物塑造故事，人物背景与经历。等我们老了，也要一起去跳伞，纹身，赛车，打猎，看日出，逛金字塔・・・但前提是有钱。
144,遗愿清单,4,人老了是多么可怜和脆弱。如果可以我老了也要那样捏着清单疯狂一下子。杰克・尼科尔森老是演那种有钱又好色但身体又不怎么好的老头，此片也是。
145,遗愿清单,5,"在一起吧，你们终于找到了对方。and i love Thomas the assistant. or Matthew, whatever, lol..."
146,遗愿清单,5,看两个同年出生的老男人飙戏，飙一场无论贫贱富贵的人都会走到的戏，喜马拉雅雪山见证我们的一生。传说，上帝会在我们死后询问我们两件事，一、你的一生是否得到过快乐？二、你是否给别人带去过快乐？如果说启发，那就是把这两个问题每日自省吧。
147,遗愿清单,5,"如果你清楚的知道自己的死期,那么你还会浑浑噩噩的去了度余生么? 这部电影的意义便如果生命最后燃烧时所能绽放的光芒一般,拥有不可意思的震撼力!"
148,遗愿清单,5,尽管褒贬不一，可是它有带给我们笑到流泪的感受。20200207二刷，原来两个老头都是1937年出生，跟我外公一个年级，好想念他。拍这部片时候两人都70岁了，致敬他们。有时候很低落的时候，就会来看上一遍。
149,遗愿清单,4,4.5星。远离一切喧嚣，抛却所有烦扰，扯掉套在头上的生活的辔头和马嚼头，去寻求生命中的欢乐。最后兜转一圈后，再回归家庭，享受最完满的幸福。这便是人生的意义。
150,遗愿清单,4,自然流畅，直击心底，两个病危的老头在将死之前共同感悟人生的真谛。看完这类片子总让人觉得豁然开朗，回味无穷。ps.这种上午在巴黎吃早饭，下午在埃及晒太阳的生活真是太令人羡慕啦！！！
151,遗愿清单,4,跟着2个临终的有趣老头一起环游世界，一起疯~~~很不错
152,遗愿清单,5,时隔两年再看了一遍，还是哭的稀里哗啦。Jack有一种感染力，总是坏坏的，但是又让人看到一颗柔软的心。其实人生的愿景一定要去用一生完成，切勿等待，也不要放纵。可以每年有个清单，来达成一两个心愿，也可以每天在心中有个清单，可以开怀的笑，而放弃忧伤；存一颗向善的心，而摒弃怨念。
153,遗愿清单,5,两个病友的奇遇，两个老戏骨的火花。不现实，但是很美很温情。
154,遗愿清单,4,old jack old Morgan funny men. no one care what you thought.
155,遗愿清单,5,两个老戏骨的精彩演绎 划去kiss the most beautiful girl in the world 的时候 瞬间击中了我
156,遗愿清单,5,我们的生命就像一条条溪流，穿流不息的奔向同一个地方，找寻你生命中的快乐
157,遗愿清单,4,75年有《Satrday Night Live》 86年有《Stand by Me》 07年有《The Bucket List 》 10年有《Flipped 》
158,遗愿清单,4,让尔等都想到了自己真要是到了生命尽头时自己到底会做些什么，很温情的一片子，两位影坛老人也是演技突出
159,遗愿清单,5,片子很好，记住一句台词：问别人有多少钱是不礼貌的。同理，我觉得问别人工资多少也是不太礼貌的……当然，那句台词在片子中完全是随便调侃的一句。
160,遗愿清单,5,4.5分吧 两人演的都挺好的 是一个又桑心又好笑的故事  感觉一个半小时一下子就过了啊 像一个精简版 anyway 已经足够了~ 最后葬礼致词的时候 哭了 嗯 可惜好像电脑还是没交代嘛到底最后是谁帮他们把咖啡盒子放到喜马拉雅山上去的 嘿
161,遗愿清单,5,欣赏这样两位老人的友情。而且最重要的是，这部电影里有我喜欢的老头Jack Nicholson呀！
162,遗愿清单,5,"08top5
1.Freeman
2.Nicholson
nicholson那么老了"
163,遗愿清单,5,his eyes were closed and his heart was open。
164,遗愿清单,5,小煽情、小俗套、小搞笑、小人生。96%的人不愿意知道自己的死亡日期，但是做那4%的也许也不错，至少你懂得在有限的时间内放手，真正为自己而活。当然，有钱是最好。
165,遗愿清单,5,kiss the most beautiful girl in the world 那里我就一直开始哭啊哭啊哭啊就是停不下来，明明很遥远的事。。为什么
166,遗愿清单,4,两个老戏骨，一硬一软，将人生的最后时光在纸上规划，而独独亲情没办法规划。
167,遗愿清单,4,有关人生的问题就不在这里装B了。我还年轻，领悟能力有限。两位戏骨有意思，光这个就觉得电影过得好快。
168,遗愿清单,5,阿西f@一定m合大叔控的你 她不令我失望。I中笑 多么嘏 老^子做事不e。
169,遗愿清单,4,片子的启迪意义很好，剧情还是模式化了点，不过有两大老戏骨压阵，想不好看都难。
170,遗愿清单,4,"电影初有点闷,中有点疯,尾有点骚。对比《剃头匠》，我更喜欢本片宣扬的乐观。这明明就是《肖申克的救赎》翻版嘛，句式，语气，包括后面的影片行进方式，叙事手法等等都在向《肖》一片致敬，直到最后影片依然以摩根・弗里曼的自述结尾，采取重复开片的呼应方式，敬完再敬。Morgan：心目中最好的演员是斯"
171,遗愿清单,5,"片尾曲
john mayer <the say>"
172,遗愿清单,5,泪流满面 稀里哗啦  cry with i laugh
173,遗愿清单,5,★★★★☆，好多片段都让人回味，最让我动容的是科尔去敲开多年不联系的女儿家的大门，并且亲吻了小外孙女，在清单上划下亲吻了世界上最美的女孩。我就开始泣不成声
174,遗愿清单,5,未经审视的生活是不值得过的。直率、坦诚地面对生命中的遗憾、心怀感恩地拥抱那些美好的细节，还原生活辽阔、温暖的底色。在最后时光，要记住那些平凡的温情，要微笑着走向遥远的上帝。
175,遗愿清单,4,太可爱的两个老人家，个性完全不一样的两个癌症晚期患者在生命的倒数时段去周游世界感受人生，了无遗憾的离开人世间，两大影帝的对手戏真是看的过瘾，非常温情脉脉的治愈系电影哦，恩，想想也列列自己的bucket list。还是更喜欢爱德华那样让人又爱又恨的好玩老头子，哈哈。硬伤也有的，忽略吧
176,遗愿清单,4,我也有很多事没做，就这么撒手人寰太TM不美丽了！死之前认识个有钱傻佬带着环游世界也不错。没有钱，没人爱，这样的话...苦逼的人生还是只好继续过......
177,遗愿清单,5,多棒的电影，不能吝啬星星的。简单易懂，还有哲理在里面，还那么可爱。好看。神迹。
178,遗愿清单,5,刚开始觉得COLE长得好像恶魔 是个坏人角色 又觉得CARTER是个悲惨的小人物 但是到后来哭到不行 没有看到的一切死后有朋友相伴 生前想做的一切都尽可能实现了 而且有朋友相伴 直到最后问心无愧的说我做到自己一生快乐也带给别人欢乐 直到现在我都还没办法真正做到 老戏骨飙戏真的十分精彩
179,遗愿清单,4, Jack Nicholson 和Morgan Freeman 这样的阵容，加上我梦想的景色
180,遗愿清单,4,两个老男人在飙戏。让我们做回孩子吧。一个有钱，一个有文化，周游世界才有可能。他们的笑让我忘记他们胸膛上的伤疤。
181,遗愿清单,4,煽情煽到不落俗套+2大影帝压场子=好看……
182,遗愿清单,5,儒雅的黑老头和暴躁的白老头，一段可爱的邂逅，一次不朽的旅行，人生的意义，不在于你拥有多少财富，而是在你临终之际，那些曾经躺在床上闭上眼睛梦想去完成的事情，你真正去做了多少呢？是忙着生存而忘了生命存在的意义，还是用剩余不多的时间去燃烧整个生命，这是一个看似简单，但却十分深奥的命题。
183,遗愿清单,4,2008.8.28 2个可爱的老人，1部温馨的电影
184,遗愿清单,4,人类的世俗和弱小就是：看完这种类型的片子后还是必须投身于繁杂和无常的生活中去。我们不能立马改变态度和立场去对待某些人，某些物欲诱惑。如果你懂得至少一点点，我想你会逐步去做，这是你的belief。
185,遗愿清单,4,人总是这样，等到了最后才去珍惜，所以，有梦想，请坚持。
186,遗愿清单,4,站在世界屋脊，夜晚，你从没见过那么多繁星，就好像天堂的地板破了个洞。
187,遗愿清单,4,拍得很真诚，淡淡的忧伤。本以为“吻世上最美的女孩”那个桥段过后，结局还会升华到一个高度，可惜没有。大赞两位男主的演技！
188,遗愿清单,5,他，又成了她最爱的丈夫；他，亲吻了世界上最美的女孩；他，见识了真正的奇迹。他们出生，他们死去，合上了眼却打开了心。
189,遗愿清单,4,世界风光博览片，黑老头和白老头的末日狂欢。剧情其实很美式很模式化，基本上在这种情况下提到有个闹翻的亲人什么的就知道最后一定会和解。不过两个老头的精彩表演很棒。在find the joy之前先find the money才是王道！
190,遗愿清单,5,当他离去的时候，双眼紧闭，但是心灵却是敞开的。
191,遗愿清单,4,老实说我花了四次才看完。中间的部分太过冗长我真的不喜欢。但这两个老戏骨真的很厉害很厉害。在两个老人分道扬镳的时候细分进入高潮（我认为。）。人生在世，快乐就好。我也需要给自己列一个生命清单么？
192,遗愿清单,5,死亡从来是严肃的事情。这是一部让我笑到哭，哭到笑的电影。坦然的面对死亡才是最勇敢的事。
193,遗愿清单,5,they're like little holes in the floor of heaven  
194,遗愿清单,5,20170204二刷，看出精彩，也许是老了，找到自己的生活乐趣，不为评价所累。//也许很多人都像卡特这样，上半辈子错过了机遇，但仍旧有机会实现愿望。作为一个普通人，他已经很可贵了。演技绝佳的两个老头，在生命有限的日子里，爆发出不一样的自己。
195,遗愿清单,4,两位老戏骨为你呈现一段临死前的人生追梦，这还不够吗？有梦就要去追寻，友情、亲情都暗含在淡淡的交集之中。好了，这不是结束，而是开始。哪怕我们在垂死前相逢，也要惺惺相惜、彼此珍重。
196,遗愿清单,5,the sound of the mountain
197,遗愿清单,4,温馨的梦想，却包涵真实的人生向往。两位老戏骨都奉献了饱满的演技，不知道尼克尔森是不是第一次在银幕上贡献了处女眼泪呵。相对文艺的欧洲，美国剧本更全球普世性确实更胜一筹，这样的故事带来的期待，对于中国中产家庭观众而言也能完美共鸣。而且两位主角阶层与心理性格的对比互补特别带来的精彩节奏
198,遗愿清单,4,需要静心细看藏于这平淡中的动容，我在想自己也需要这样一份清单，很早，就在努力实施了不是么。。。想起来，a za a za fighting~~~
199,遗愿清单,5,with Olia in the classroom。好吧，明知道是俗套的好莱坞温情剧，还是抵挡不了煽情戏。黑暗中了无声息，只感觉得到情感地急剧迸发。幽默风趣，不服输，我就是爱一把老骨头。在死亡面前，我想我不是个例外。就算一辈子都要受牵于乏味的现实生活，还是会渴望那一撒把的瞬间。
200,遗愿清单,3,三流剧本，一流演技，主要是看两个主角啦
201,遗愿清单,3,坏消息：我快死了。好消息：我特么终于傍上一大款！（然后容我再感慨一下imdb和豆瓣评分的差别）
202,遗愿清单,3,失望，一点也不现实也不具代表性的遗愿清单，更没有“一路玩到臁钡谋壮感。看完我只想去跳一次伞。
203,遗愿清单,3,为结尾和最后一句话加半星：助理帮他们划了第一项，在山顶，而且还是违法的……
204,遗愿清单,3,人的一生不会因为你做过什么而后悔，只会因为你没做过什么而后悔。PS：长城上面骑摩托疟了！2015.3.29成都
205,遗愿清单,3,我快死了所以我要去浪，顺便把所有钱都花光。除了有钱任性还能说什么...
206,遗愿清单,3,2K老姜！
207,遗愿清单,3,笑中带泪那种
208,遗愿清单,3,架构比较标准，对话过多，缺乏真正的戏剧张力――使得整个关于生命的言说有些空洞，而所做的事情也不过是美国中产阶级的日常娱乐，没有直面生命的痛苦与欢愉、卑微与壮丽。整体保守且简单，主题先行但可以一看。
209,遗愿清单,3,主要看摩根・弗里曼与杰克・尼克尔森两位老戏骨飙戏，剧本还是不够出彩，很多情节都太刻意了。（7.0/10）
210,遗愿清单,3,2.5  终于补了这部豆瓣250。表面看着是狂洒鸡汤的知音体，但其实讲到底还是“有钱整啥都行，没钱寸步难行”那一套，一种土豪公路片。看完倒也着实叫人燃起了想要好好赚钱的欲望吧。演员加分太多。
211,遗愿清单,3,15.12.27 启蒙时期错过即无感系列。
212,遗愿清单,3,z大在人生⒈M前去去J去找ぴ谧约涸资年人生中z失的人生意x，HH是故事介就知道是g笑c眼IRw了，Rob Reinerа菀实暮萌R]式⑹卤ＷC了以上牲c，但是在此之外缺少了@喜。Jack Nicholson和Morgan Freeman各自一擅L的Pc睿智，扎sM在意料之中。
213,遗愿清单,3,剧情套路平庸，两个男主的强大演技给影片加分不少，个人更喜欢尼科尔森，大部分笑点也是有他承包，张弛有度。当然，一路上自然的、人文的风光非常美妙。
214,遗愿清单,3,徒有其名的片子。剧本这块短板全靠表演去补齐，杰克尼克尔森完全撑住了他的角色，摩根弗里曼等而下之。未知生，焉知死，片子实际呈现出来远未达到它想表达的。三星。
215,遗愿清单,3,The.Bucket.List.2007.DVDRip.XviD-FLAiTE
216,遗愿清单,3,7.0/10。情感像是从干瘪的剧本里硬挤出来的，就算是意淫也太假太庸俗化了吧。。。不过他俩被一起埋在山顶时看得我好''基''动啊（片子还算轻松，起码能值个三星。）。
217,遗愿清单,3,虽然本片阐述的道理之一是完成遗愿清单还得有钱，但不得不说，片中的普世价值观我还是非常认同的。生命不长，要做你想做的事情，并且去完成它们。
218,遗愿清单,3,题材就预设一些个内容，所以就没有什么惊喜。看完之后，我只想认识这么一个富翁，免费的环游世界。当然是健康的。
219,遗愿清单,3,老卡特的问题：在你的生命中，是否有过欢乐？有没有给别人带去快乐？爱德华的经验：想尿别谦让，硬了就快上，屁要小心放！
220,遗愿清单,3,那些星星像o低腹獾男《矗後面是天堂。老Jack戴著雷h帽的幼佑悬c濉
221,遗愿清单,3,有时候，对星级的判断就在第二遍。于是，在电视上看配音版的第二遍，觉得太励志太心灵鸡汤的东西，看多了更无味。
222,遗愿清单,3,1，∏榛本就是老夭墼谀茄eX玩命，如果]那N多X，估一佣纪娌黄稹2，冲着cast去看的，不愧是演技派（U）。3，任谌卧沟Tommy/Tomas/Matthew倒是很可郏不知道最後拿到X]有XDD
223,遗愿清单,3,二流的剧本，一流的演员。
224,遗愿清单,3,蛮怕这种卯足了劲要给你上一课讲个人生道理醍醐灌顶你一下的电影的。一些桥段和前后呼应也是蛮刻意的。虽然是两个老人的故事，但是显得很不老人，是年轻人自以为是的老人故事。同样是人将死，我比较喜欢《Amour》这种的。
225,遗愿清单,3,其实我知道为什么木有想象中的好，因为这俩戏霸实在老得腐不动了，当然卖萌还是不在话下……
226,遗愿清单,3,"你活著的r候曾X得快? 你活著的r候曾Ыo身的人快? 2都是yes,,恭喜你,以後天堂!]上眼睛,敞_心扉~~活在下"
227,遗愿清单,3,两个老人，知道自己命不久后，开始了最后的人生疯狂之旅。“你有多少钱？”“我现在只剩下钱了！”想一想，人这一辈子，为了养老而拼命，倒头来却应了小沈阳的一句话“人最痛苦的是什么，人死了，钱没花完”，不是很可悲吗?
228,遗愿清单,3,"so so story, but a must see when Jack Nicholson and Morgan Freeman are in there. "
229,遗愿清单,3,杰克尼科尔森和摩根弗里曼是好莱坞演技派男明星的旗帜人物，随着他们皱纹的增加，他们的表演却更为的吸引人。这是一部在逻辑和剧本上偏弱的电影，以探讨生命的意义为主题开始的故事，影片可以给你感动，让你思索，却不能回避的一个问题是：你有一个亿万富翁的朋友吗？
230,遗愿清单,3,两个老头彪戏的最后心愿  虽死无憾了   电影一般  唏嘘不止
231,遗愿清单,3,"我很奇怪,在""喜欢看遗愿清单的人也喜欢""一栏里没有<敲开天堂的门>.都是剧情类似的片子,后者也很出色啊."
232,遗愿清单,3,温情满满的黑人老头子为了老婆孩子牺牲了自己的学业和前途、无比精明有点小坏螃蟹般蛮横的富豪，stereotypes!!! 人物和剧情都老套，但是主角出彩。非等到死前才能绽放一番，很多意外身亡的人还没这机会呢
233,遗愿清单,3,PPS TLF版 英语简字 1520 外公家 http://movie.douban.com/review/4548536/
234,遗愿清单,3,看了影志、左胸、苏比等人的评星和短评，发现我和我的友邻们可真是口味一致啊
235,遗愿清单,3,看来亲情、女色和周游世界，特别是最后一个始终是不同肤色不同种族不同信仰的人们共同的愿望啊。。所以我们努力赚钱吧，至少死前还能完成下遗愿什么的。否则只能静静等死，要不就只能去纹个身吧。。
236,遗愿清单,3,很感人，雪山作为墓地真是极称心的。唉，我也想遇见个大土豪，在年轻的时候。
237,遗愿清单,3,说的是两老头在死前好好的挥霍了一把！幸亏胖老头有钱！不然你两列啥清单啊
238,遗愿清单,3,如同评论家所说，此片确实问题多多、极度不合理，而且刻意狗血温情。不过即使是看Freeman和Nicholson演自己，看此二人对戏依然颇为享受。
239,遗愿清单,3,也许分数高在是因为两位老当益壮的巨星吧.wl
240,遗愿清单,3,大概不懂得欣赏温情片吧，不过kiss the most beatiful girl in the world蛮嗲的
241,遗愿清单,3,故事的铺陈相对较为老练，佐以配乐显得缓急得当，煽情之处也拿捏到位，两位奥斯卡级别的影帝飙戏果然不同凡响，更是以结尾处的表演加旁白更显动人。电影如此这般的实现愿望是得有大把的钱可以烧，不然还是趁年轻做爱做的事吧，这才是正途。
242,遗愿清单,3,好像以前看过，印象不深，也可能是这类题材有点老生常谈...治愈系的电影最喜欢的还是silver lining
243,遗愿清单,3,拔得太高，反而没了真实的感觉~~PS：当年飞越杜鹃窝，现在葬身雪山顶~~
244,遗愿清单,3,两星半好么。     俩老头演技绝了，至于这片子传到出来的什么思想性，我只想忽略不计。--1111--得看点有用的东西，不能老看这种三流片子。
245,遗愿清单,3,要是没钱呢？所以穷人死也只能死的憋屈
246,遗愿清单,3,看到当年风流JACK跟一坨肉漠漠瘫在床上的感觉真奇妙.
247,遗愿清单,3,两大戏骨救了这部平庸的片子，实在是找不出能比这两张布满皱纹的脸更吸引我的东西，剧情？风景？遗愿清单？好吧，我承认自己对结局中的催泪旁白没有丝毫抵抗力，但这只能更加证明片子的中规中矩，连哭点都只有可怜的最后一“点”。
248,遗愿清单,3,两位影帝撑起了这部其实无味的电影。第一，这份清单其实任何时候都可以，只是加上了遗愿的噱头。第二，没看见什么和美好沾边的东西，想随心所欲？有钱才是一切的一切。
249,遗愿清单,3,3.5星。人生倒数遇知音，未了心愿逐个清。浮沉过眼归初心，灵魂伴侣共栖息。
250,遗愿清单,3,这片儿讲得是一个受工作家庭拖累一辈子的技工巧遇有钱人在死前放纵了一段日子的故事。供那些满地爬的上班族观看、意淫。其实要我说，别鸡巴看了，你一辈子注定被这些乏味的事牵扯至死方休~~~转
251,遗愿清单,3,what should I write dowm on my own bucket list?
252,遗愿清单,3,MorganFreeman和JackNichoison这两老戏骨各一星，意外结局一星。人生很多想追求的事不要非等到风烛残年体弱多病时才想起，到时只会更加放不开被现实的琐碎束缚，我想要的不是一颗年轻的心，和衰老的身体，我想要的恰恰与之相反，一颗洞察世事禅悟人生的心和一具充满活力躯体
253,遗愿清单,3,这俩老戏骨演技还是这么好，坐飞机穿行的画面Up in the air的感觉啊，主旨和立意都很好，尤其是结尾值得回味，那个吻，那封信，那段演讲，那俩罐头，和那张Bucket List，结尾看哭了，但是片子开头和中间部分的有些枯燥。
254,遗愿清单,3,2009-9-30 21:36:59 6/7.5(47002)
255,遗愿清单,3,供各位满地爬的乏味至老死的上班族YY的一部电影。
256,遗愿清单,3,死前环游世界，只是有钱人的游戏。只是无论贫穷或是富贵，没有人愿意孤独地死去。
257,遗愿清单,3,两个老家伙不错 几乎看不到飞越疯人院时的影子了
258,遗愿清单,3,临终前疯狂一把其实就是件特没劲的事。 要不是两个老戏骨， 我连三颗星都懒得给。
259,遗愿清单,3,原来我真看过这片子。。。只是他已经无聊到我看了一半才记起来我好像之前看过了。。。。
260,遗愿清单,3,让我想起之前看的一本书《玛丽莎的许愿清单》，推荐阅读
261,遗愿清单,3,搭私人飞机高空跳伞，去印度泰姬陵见证真爱，开着福特野马GT600狂飙，骑摩托车游长城，在香港吃黑胡桃冰淇淋，金字塔旁聆听上帝的指引，登上珠穆朗玛目睹神迹，回到美国死在家人的怀抱中。人生圆满。
262,遗愿清单,3,"临终前用金钱堆砌的短暂友谊，充满了编导的一厢情愿和矫揉造作。无数人信誓旦旦说死前放弃治疗周游世界,哪个最后不是在病床上苟延残喘咽下最后一口气?病痛与死亡是人类永远绕不开的墙。“当年执着她的手走过街头,心中的那种感受已不再有”,“同路走了那么久才发现,有些东西已经一逝不返了”,唏嘘不已。"
263,遗愿清单,3,我不知怎么才能哭的稀里哗啦，我觉得本可以拍的更好，浪费了演员。
264,遗愿清单,3,两个老牌戏骨迸发出精彩的火花，用简单的故事娓娓道出人生的启示，对Freeman的旁白一向缺乏抵抗力的我在结尾难免唏嘘感动。★★★☆
265,遗愿清单,3,最后Nicholson发表那段演讲太狗血了...
266,遗愿清单,3,人活着是为了干自己想干的事，还是为了让自己爱的人干他想干的事，道德形式是否又会压制他，是否一切是对，又或者对错都是被人弄出来糊弄人的。挺麻烦的，又或者我此刻的思考方式早已不是我 只是被反复训练而已 所以又是错
267,遗愿清单,3,很普通的idea，可以预见的结局。这时候，点到即止其实并不足够。尤其有旅游风光片之嫌
268,遗愿清单,3,"3.5
有c平淡的前半，後面旅途Y束前_始催I，大概知道旅途都要Y束。最後安葬之地太棒，所以有X真好。

Edward超幸\，死前能得一知己，找回郏有不x不的f能助手。Thomasfq!(G，人家不是叫matthew的幔!)"
269,遗愿清单,3,同样是黑人与白人一台戏，同样是白人富黑人穷，同样是白人因为黑人的出现而改变不少...本片与《触不可及》有很多相似之处（虽然前者先制作出来，但我先看的却是后者）。两大戏骨的搭配很有意思，但之间擦出了多少火花我不好说，反倒觉得全片看起来有点闷，可能是两人老到丢失了当年的活力与激情了吧
270,遗愿清单,3,很好的主题就这么浅浅地挖了一铲
271,遗愿清单,3,看介绍是剧情吸引了我，刚开始看是也觉得很不错！那时为老戏骨自然是不用说，但是后面的情节太拖沓，导致实在是看不下去了！的确让我有点点失望！～
272,遗愿清单,3,剧情一般，演技一流，这就是个苦命潘克狼鞍上大款环游世界好好爽了一把的故事。
273,遗愿清单,3,"对很多生者来说都兑现不了这张奢侈的“遗愿清单”啊！

哥说的不是现实，
是寂寞。。。。。。"
274,遗愿清单,3,远没有想象的好，太教条了。意外发现 Sean Hayes 是一大收获。
275,遗愿清单,3,到底是好剧本还是烂剧本呢？有一个好的基点、却因为太多可称为范本的台词而消磨掉了新鲜感。尼克尔森和弗里曼的演技被赞言优质，实际是定义角色的熟络饰演。
276,遗愿清单,3,Just so so. 两个戏骨的对手戏没有想象中精彩，故事倒比较感人。
277,遗愿清单,3,电影并不出彩，但两个老头都是我的偶像，不捧不行。
278,遗愿清单,3,遗愿清单确实该完成，只有在突逢人生巨变时候才能找到这样一份清单，无论是老是少。只不过这清单从头到尾都太低廉太简单了点，就如同影像本身，华丽完美的表演背后，是小有共鸣的情感。
279,遗愿清单,3,在公司看的，太过主旋律了点。不过临终前完全放松的去玩一趟的主意大家都有，只是需要太多太多钱了。。
280,遗愿清单,3,苍蝇一分钟生命的加长版，连结局也差不多。对于看过苍蝇的人来说，影片不免显得臃肿拖沓。相对于苍蝇的平凡又伟大的愿望来说，bucket list上的愿望显得离普通人远了一些。哔哩哔哩上一个弹幕很好地说明了这个问题：我也要个土豪做朋友。
281,遗愿清单,3,sean演正经人都gay...哈哈。。。
282,遗愿清单,3,美国片能讨好我的实在太难了，唉。
283,遗愿清单,3,我们的每一天是否丰盛与喜乐？别留太多事项在遗愿清单上。
284,遗愿清单,3,后面就开始说教了。想知道这样high一圈要花多少钱的话查查这部片子的总预算就可以了。
285,遗愿清单,3,虽然两个大佬彪戏，剧情却毫无悬念，导演功力也是不温不火。就当表演课观摩好类~
286,遗愿清单,3,竟然才知道是尼科尔森的，从shining开始喜欢他
287,遗愿清单,3,"&卢. 全程基友高能反应=__,= 为什么总是等到大限将至才开始思考和度过真正渴求的生活呢，听从自己本心的声音真是困难，假如勇气少一点点的话，那么至少直到临终都依然被束缚了你45年的家庭关系继续阻碍。跳伞、飙车、环球旅行，多爽呵。我也列个能力范围内的清单吧。亲吻世上最美的女孩，瞬间泪目……"
288,遗愿清单,3,有点扯，长城上开摩托，雪山上放骨灰 一切都是因为有钱
289,遗愿清单,3,如果有一天也做了一份“遗愿清单”，千万不要为那些单子里最终也没有做成的事情而伤感，这样的遗憾总是无法避免。其实片子还是有点小失望，这一对儿老基友的话真JB多！
290,遗愿清单,3,地铁上的片花让我非常想看。第一时间下载，两个老戏骨演出很精彩，方向也是美国人喜欢的励志，情节嫌单薄了点
291,遗愿清单,3,有笑点有泪点 悲喜交加 感触颇深
292,遗愿清单,3,只说了一件事，旅游是派遣烦恼的最好方式，哪怕是面对死亡这样的终极烦恼，有钱又不用烦心旅程安排，就更好了。其他就没什么了，死亡不是一件可以讲述的事情，只能意会，死亡就像一首诗
293,遗愿清单,3,"非常喜欢<敲开天堂之门>,美国一重拍就俗气了,显摆有钱有意思吗?世界各地的风光倒是挺养眼的.豆瓣评分怎么这么高"
294,遗愿清单,3,有这两个老戏骨，足矣。其余什么都不重要。
295,遗愿清单,3,嘿嘿嘿有钱果然好。这电影也拍地太开心了，按着剧本顺便周游各国。
296,遗愿清单,3,Never too late。
297,遗愿清单,3,弗里曼大叔行尾运，大撒把
298,遗愿清单,3,为什么要碰到有钱人才能实现愿望？
299,遗愿清单,3,非常非常非常一般，说教意味挺浓，剧情却没有什么亮点，可惜了这俩大演员。
300,遗愿清单,3,杰克尼克尔森和摩根弗里曼的双保险出击，自然不会让人失望。故事离我们很远，也很难会有这种机会，但是很大感触。一黑一白，超越种族，在死亡前的疯狂令人为之动容。对我们还有更多时间而言，清单列好否？
301,遗愿清单,3,就算是遗愿，没钱也是瞎的啊，啊，还是钱最重要……
302,遗愿清单,3,大部分情节都可以像“吃饭――抱着马桶吐”这种情节一样猜出来，但处理的还是挺用心的吧。
303,遗愿清单,3,这种主旋律电影，好莱坞每隔一段时间都会来上一发，运气好的话会端走一两座最佳演员和最佳改编剧本小金人，并且必定在豆瓣上拿下高分
304,遗愿清单,3,"稍微有点拖，老套路，不过挺感人

妈的有钱就是好啊谁说钱不能买幸福哒"
305,遗愿清单,3,助理比两个戏精萌多了！概念先行对话堆砌以及缺少事件。有些人先老后死，有些人先死后老，两种都不忍卒睹。事实上这片讲述的道理是，没有钱一切都是扯淡。
306,遗愿清单,3,与Jack Nicholson搭戏的结果就是，就算是Morgan Freeman，瑕疵可以被抓到并精准放大。用今日的眼光看来，太过鸡汤，也太过风光片。看毕脑中浮现的字眼只有「程式化」和「机械作业」。也许有人会认为不能用当前的标准来要求以前，但别忘了时代局限性是有条件的，友情题材本来就应该跨越一切时间刻度，成为它那一刻永恒的星芒。
307,遗愿清单,3,为什么失去了还要被惩罚呢，能不能就让悲伤全部结束在此刻，重新开始活着。
308,遗愿清单,3,温情。人生的末端，也要给自己一份清单，留住最后的希望和快乐
309,遗愿清单,3,对这类电影现在是一点无感。
310,遗愿清单,3,为什么要在知道自己快死的时候才发现其实有很多心愿未完成 死亡随时有可能降临 最好从现在开始就慢慢去完成 别给自己留下遗憾
311,遗愿清单,3,一个普普通通老夫聊发少年狂的故事，杰克尼克尔森乖戾不安的气质与摩根弗里曼的优雅睿智相映成趣，但整体格局略显紧凑，有一种流水账的感觉，开头和结尾摩根弗里曼的那段独白显得非常不合时宜且不合逻辑。
312,遗愿清单,3,亲吻世间最美的女孩，我喜欢这个~
313,遗愿清单,3,3+ ， 有点小感触，8过中间一大段不甚精彩，本来可以更好的
314,遗愿清单,3,挺好的。前提得碰到个有钱的主。
315,遗愿清单,3,老套的情节，但我还是落泪了。
316,遗愿清单,3,两个老人演技爆炸，看到香港译名：一路玩到挂 笑死了。
317,遗愿清单,3,忽略不切实际的剧情，看两位主角好了.不过制定计划然后一一划掉的感觉很不错的说~~
318,遗愿清单,3,“闭上眼睛，让流水带你回家”，这片子看完的收获就是喜欢上杰克.尼克尔森~~
319,遗愿清单,3,这故事就跟从读者一类的书直接摘下来一样
320,遗愿清单,3,弗里曼仍然很是矍铄，老杰克却像是喘着粗气演完全片的。
321,遗愿清单,3,温情剧，Rob Reiner的拿手好戏。
322,遗愿清单,3,感觉像是……要是没有钱，连临死都不快乐
323,遗愿清单,3,本片价值观有问题
324,遗愿清单,3,就是应当如此这般亲吻世上最美丽的女孩
325,遗愿清单,3,那俩老货看得我心驰荡漾，尤其杰克尼科尔森。不过不喜欢这种题材，觉得肉麻。
326,遗愿清单,3,趁着死之前好好活着比什么都强
327,遗愿清单,3,摩根确实老了，他脸上的老年斑让他看起来更加可爱。有些事情，或许真的要到最后一刻才懂得，才有机会去实现。依然有槽点，但是在整个温情的氛围中也不忍再吐槽。希望我们能来得及，给自己列一个清单。
328,遗愿清单,3,提早给自己制定Bucket List吧，偶的目标就是MORGAN老头那样，读万卷书，行万里路，做事情要学JN老头那样，管他那么多狗屁道理，做自己认为对的事情。最后就是，那个俗套的问题“问你是不是愿意提前知道你准确的死亡时间，答案里面96%的人选择不愿意”，那我一定是那4%。
329,遗愿清单,3,有些电影，看晚了还不如错过了，这几年有关环球旅游的电影太多，翻回头来看这部，就怎么也不走心，大概是因为我还年轻吧……
330,遗愿清单,3,太俗了但我还是看哭好几次... 尼克尔森也替无数影迷问出了多年的困惑――你脸上的痣是天生的还是后来长的？
331,遗愿清单,3,人很yD悟。　愈碛不相信@拥墓适拢@。　Jack Nicholson的型跟音都太多了。
332,遗愿清单,3,把每天当成最后一天，尽量做自己喜欢的事――当成遗愿。两个老戏骨没的说，剧本一般。
333,遗愿清单,3,To do list or bucket list?
334,遗愿清单,3,任何一个家里有得过绝症的人，都会认为这剧本没有特别的地方。一星献给俩主角演技。
335,遗愿清单,3,为了jack看的，不太喜欢故事本身
336,遗愿清单,3,心情坏死 看再好的片也觉得一般
337,遗愿清单,3,虽然主题不错，但表演夸张，剧情刻意造作，全片如同幻灯片，毫无层次感
338,遗愿清单,3,"两个固执又可爱的老头,在最后的时光里擦出了生命的火花。 
"
339,遗愿清单,3,这类型看多了，就无感了。温情成为一个套路，却缺乏深度。精确计算哪分哪秒能戳中观众泪点很媚俗，期待感动的心很kitsch
340,遗愿清单,3,我看完的感觉很复杂，我也不知道该怎么面对死亡，我也不知道怎么活着才有意义。那种时刻还是很恐惧和无奈的。也许不知道期限、突然的结束更好吧
341,遗愿清单,3,有钱花钱！ 没钱赶紧把床位给腾出来！
342,遗愿清单,3,尼科尔森！看老戏骨飚戏挺不错的
343,遗愿清单,3,断断续续，很多人的情况下看了，传统的美式电影，还凑合吧。
344,遗愿清单,3,很感人，可是感觉还差了点什么，还是有点不完美的电影吧。剧本很一般，主要看两个主演，演技太好了！
345,遗愿清单,3,Jack Nicholson即使演好人笑起来邪气依然啊。最惊喜的是我们家可爱的Sean Hayes居然在这片子很有份量还一点都不像will&grace的小受啊！！bucket list的设想很好，片子有点零碎松散。坐在金字塔看金字塔那个镜头击中我无二了啊啊啊。。
346,遗愿清单,3,尽管觉得蛮好看的，但是我还是睡着了。@大英
347,遗愿清单,3,有点教育意义，讲出了人生的真谛！不过国情不同，中国人普遍较穷，能做到这样坦荡豁达周游世界的人很少~  
348,遗愿清单,3,一黑一白，两老两丑，怪耶？！
349,遗愿清单,3,这个故事不该如此平庸，so why it is?
350,遗愿清单,3,两个好演员凑到一起，稍微可惜了点
351,遗愿清单,3,“美梦成真型”
352,遗愿清单,3,稍显老套，还是被最后一个遗愿的满足小惊喜了一下，kiss the most beautiful girl in the world.
353,遗愿清单,3,安老师电影第四站。情节设计过分刻意，戏剧化的故事与写实性的叙述在预设语境的结构下也并未实现真正的统一，虽然想要突出生命转折中的救赎，但最终剩下来的还是只有卡特与弗吉尼亚之间错位而缺席的虚情假意。尼克尔森依然是绝对的亮点，这个略显苍白的角色在他的演绎下便成了诙谐而苦逼，饱满丰富的憨憨老头；但电影若要真得配上这个演技，确实还要加不少劲
354,遗愿清单,3,看到结尾雪山上的两个咖啡罐时还是很感动的，电影的剧本一般，两位主演的演技一流。
355,遗愿清单,3,讲真，做一个快死的有钱人还是快死的时候结识一个有钱人？我选择做有钱人的助理2333
356,遗愿清单,3,Never pass up a bathroom，never waste a hard-on and Never trust a fart...
357,遗愿清单,3,还是觉得这故事有点老套，也没有太大的触动...........
358,遗愿清单,3,故事其实没有多么新奇，但内容还是温暖人心。。。kiss the most beautiful girl in the world
359,遗愿清单,3,又名《一路玩到挂》，所以说啊，至少要有能够支撑半年疯狂玩了的经济基础才谈得上潇洒面对死亡。
360,遗愿清单,3,确实是感人的片子，可能期望太高了  导致结尾也不过是在预料之中的感觉……嘛。。
361,遗愿清单,3,1，等你年纪大了，有三件事你一定要记住：想上厕所时，千万别憋着；拉不出来时，别白费力气；别以为放屁，就真想上厕所。2，你说过你不是泛泛之辈，你当然不是，但泛泛之辈的生活，也各有不同。
362,遗愿清单,3,Morgan Freeman总是念旁白啊。如果真的是知道快死了，那究竟应该完成自己的那张list，还是继续与病魔抗争呢？那副眼镜太牛逼了！我也想要。
363,遗愿清单,3,结局....真美好....
364,遗愿清单,3,故事滴水不漏 二老风韵犹存
365,遗愿清单,3,台湾同胞翻译得十分有趣，一路玩到挂。就冲着这个名字也想看一看，这人生怎么个玩法。
366,遗愿清单,3,到老的时候会是怎样一种愿望？
367,遗愿清单,3,我一直不知道人的一生怎样才叫有意义。
368,遗愿清单,3,喜欢这两个老戏骨`~~~~
369,遗愿清单,3,三星半. 完成遗愿清单也是要大把银子滴.
370,遗愿清单,3,要完成清单的前提还是得有钱，有很多钱；还有些却又不是钱能办到的
371,遗愿清单,3,生命。。。其实现实世界这样的几率很少的
372,遗愿清单,3,"3.5 @清慰泶_艋 只是基於他z必仰仗大量Y本支尾拍F望的@事 
 整故事看起硐爽片似的稍@\薄 m然Morgan Freeman的旁白碜д胬buff"
373,遗愿清单,3,"kiss the most beautiful girl in the world,爱德华到此终于感受到了生命的快乐和意义。"
374,遗愿清单,3,的确是笑中带泪那种，看完难过的嗓子痛，而且两个主演演的都是类似各自代表作中角色性格。小清新们评分就是高
375,遗愿清单,3,故事是真恶俗，这俩老不死的演的是真好！
376,遗愿清单,3,不就两个人 不就生了病 不就有钱嘛 没钱怎么出去玩？！
377,遗愿清单,3,和同类的敲开天堂的门相比实在不能感动更多，有几个moment感觉更像是旅行宣传片，另外看完此片想吐槽一句：没钱你说个jb
378,遗愿清单,3,什么叫典型的剧情片啊……【战术后仰】两个人遇在一起实现临终愿望。这种剧情拍出来没多大问题就能很好。说明书式的电影。
379,遗愿清单,3,故事过于理想化了吧，都那个样子了别说跳伞了就让他坐个跳楼机怕也是受不了了吧。。我以为freeman记忆力超好的梗有高潮结果也没有，故事的所有前提就是白人大叔是个超级有钱人，可以满足你的一切愿望，但这个条件太不科学了。。【生命有限还是趁着能动的时候尽情挥洒吧~~别等快完了再折腾。
380,遗愿清单,3,cole让我迅速地想到勖存姿，Tom就是家明。《喜宝》是我最喜欢的亦舒作品。
381,遗愿清单,3,人生的意义……我觉得人生没什么意义。结果都是死，过程才充满意义。
382,遗愿清单,3,肿瘤版触不可及，那段亲吻外孙女然后划去“亲吻世界上最美的女孩那一幕”真心让我感动到了啊~~~这个故事告诉我们搭上一个有钱的基友是件多么身心愉悦的事情~~~
383,遗愿清单,3,Never too late. Pursue what you list in your bucket list!
384,遗愿清单,3,看来有钱才能实现梦想啊！
385,遗愿清单,3,简单的说，没钱就乖乖等死吧
386,遗愿清单,3,老套是老套的，但有钱是真好的。
387,遗愿清单,3,"5 stages：Denial, Anger, Bargaining, Depression and Acceptance.
当生命也被贴上保质期的时候，你又该如何活下去？Give yourself a list！"
388,遗愿清单,3,导演用两个将死之人的故事展现了现世的普世价值观：家庭是通往幸福的唯一途径。
389,遗愿清单,3,有钱连死都可以死这么潇洒，没钱还是别死了
390,遗愿清单,3,电影里总会出现黑人和白人变成好朋友的镜头。我们的爱可以赋予给跨种族的人，却有时候，吝于身边。可能之前看了部同类型的，不觉得特别好看，最后一点还是让超低泪点的我湿润了眼睛
391,遗愿清单,3,主打温情牌，故事一般
392,遗愿清单,3,"公平的是每个人都要死。不公平的是金钱基础决定了一个人的出事与做人，甚至是关于遗愿清单的处理。
面对死亡，有谁不动容？"
393,遗愿清单,3,老戏骨也有演烂片的实力和勇气。。。
394,遗愿清单,3,这种电影不适合我。。。没看下去
395,遗愿清单,3,我也想在死前交上这么一个超有钱的朋友r(st)q在几个月内环游世界什么的太爽了。
396,遗愿清单,3,两位老戏骨风烛残年的逍遥派对。好莱坞电影就是奢侈，真是挥金如土。但好莱坞电影往往太花哨，太表面化。另外和中国电影很像，总是弄得大团圆式结局。但我却不满意，缺少真诚，内敛。
397,遗愿清单,3,根本没有传说中那么好看，看完连汁都不想留。不懂《故事》有什么好用它做范例。不过看完我也马上想做遗愿清单，时间现在就要抓紧啦，还等半死不活那时间？又没有亿万富翁带我飞
398,遗愿清单,3,旅游风景片加感性哲理挖！
399,遗愿清单,3,俗套桥段集锦。可惜了俩这么好的演员。得亏了俩这么好的演员。
400,遗愿清单,2,不知道是不是因为颁奖季看美国片实在太多，到了个极限，以至于找出一部以前没看过的主流价值观片，发现如此不喜欢甚至于看不下去。都不用说有钱才能搞这种清单、这种一厢情愿在濒死路上碰上有钱家伙的梦想，就是那些关于遗憾、梦想和圆满的说教我都完全不能接受。而回头一看豆瓣，Top250的排名吓到了。
401,遗愿清单,1,温情你妹，老戏骨你妹，喜剧你妹――设定薄弱，对于平常人有什么意义？为自己疯狂的活着？旅游就是生命的意义？太可笑了。
402,遗愿清单,2,两个老戏骨演的挺垃圾，场景都是粗糙的特效，情节也可以猜到
403,遗愿清单,2,本以为两个老戏骨能给人带来真正一出好戏，却毁在好莱坞三流矫情剧本和老套情节里
404,遗愿清单,2,"节奏太他妈慢了
喜欢助理好帅
杰克尼科尔森胖胖的还满可爱的
非法的葬在高山上………＝
＝"
405,遗愿清单,2,"睡前看的 本硐肟丛""H吻最美的女孩""的份上o三星 醒碇後X得@部影b值尚 H值得太快了。如果f@部影想以敷衍了事的所^h球旅行作∏榈耐跖其| 那我也]甚N好f的了。但g靡明白 孤g富的附倨 有了X貌庞凶杂貌感到孤。如果]有X 那N抱歉 靡o所有。"
406,遗愿清单,2,"两个可爱的老头知道自己大限将至，任性的遗愿清单。我也要列一个！""When he closed his eyes, his heart was opened."""
407,遗愿清单,2,冲着主角和片名看的，故事真的很一般。豆瓣TOP250有时候简直就是个笑话。
408,遗愿清单,2,题材较好，编剧很烂。写台词都不需要用到脑子，闭着眼睛就把各大喜剧的惯用手法往里套。每一句、每个行为都是美国电影、电视剧里面的“经典”（或者说套路）。讨论宗教也是惯用手法，可惜纯粹是想显得深刻点。说着一些编剧自己都未必懂的话，其实啥结论都没讨论出来。我真的好讨厌这样的电影= =
409,遗愿清单,2,Jack...oh my Jack...
410,遗愿清单,2,只有在有生之年遇到一个孤单寂寞的亿万富翁人生才能圆满吗？只能通过穷人充实的家庭生活来寻找富人的存在感么？
411,遗愿清单,2,我想不出把骨灰盒放在珠峰上有什么特别了不起
412,遗愿清单,2,“这片儿讲得是一个受工作家庭拖累一辈子的技工巧遇有钱人在死前放纵了一段日子的故事。供那些满地爬的上班族观看、意淫。其实要我说，别鸡巴看了，你一辈子注定被这些乏味的事牵扯至死方休~~~”
413,遗愿清单,2,等我老了也许才能看懂吧。
414,遗愿清单,2,有钱人才有权利在死前感慨人生。所有的美好都不是我们生活的美好，只是风景的美好。
415,遗愿清单,1,又被豆瓣的评分给忽悠了一把
416,遗愿清单,2,我听过一句话觉得很有意思，这句话是这么说的“总跟有权力的人接触，会让人觉得自己也有权力”同理，看电影里的有钱人，会让你觉得自己也有钱，而这类喜剧的快感就是来源于此
417,遗愿清单,2,相相之一般。就是想看Jack Nicholson那哪。
418,遗愿清单,2,今天我是作为长者，告诉你们一点人生经验。
419,遗愿清单,2,风景很美，愿望很好。此外还有什么？大多数人，都浑浑噩噩的活着，至死方休。
420,遗愿清单,1,冷静下来，还是只能一颗
421,遗愿清单,2,两个大戏骨。。。可就是太冗长了。。。。又臭又长阿。。。。分了好多次才看完
422,遗愿清单,2,别问我为什么给两星……连死亡主题都敢拍得这么主旋律，坑爹啊！
423,遗愿清单,2,很享受这种娓娓道来、有条不紊的方式，平静而温和地叙事，没有惊心动魄的开始，没有出人意料的结局，最后却让人感到温馨、温暖。这就是讲故事的高超技巧了。如同巴金的《小狗包弟》，按照“自然流”叙事抒情，语言叙述自然流畅，看似没有技巧的背后有着对谋篇布局的深思熟虑――故事如何开始，哪里详细
424,遗愿清单,1,无聊的美国电影，早看之前就想到烂俗到遗愿主要是周游了，加点米国制造点点商业温情戏，烂到爆
425,遗愿清单,2,之前期望太高了。sigh
426,遗愿清单,2,两大实力派在一起，并不总是碰出耀眼的火花！
427,遗愿清单,2,2.5；一流演技，十八流剧本；一针让人啼笑皆非的鸡血
428,遗愿清单,2,一部人物塑造比戏剧动作还要有意思的电影。这样的主题当然是人见人爱，但是两个老人完成清单的那条线索，和两个老人内心逐渐打开并且得到改变的线索是基本上完全分离的，至少在前半段是这样。
429,遗愿清单,2,GTA7――邪恶白人资本家Trevor悲惨晚年生活中的一次幸福世界之旅。Nicholson真的很像Trevor啊……还是Trevor像Nicholson？
430,遗愿清单,2,没感觉，那个眼镜很有爱
431,遗愿清单,2,两个身患绝症的老家伙突然看破红尘周游世界的故事。PS：是十分有钱的人，穷人请自觉。如果快死了，请在家等死
432,遗愿清单,2,不喜欢只要有摩根弗里曼出现的电影就充满了说教永远劲儿劲儿的
433,遗愿清单,2,not encouraging at all!!
434,遗愿清单,2,对准中产阶级口味的滥情鸡汤片。原本大有文章可作的题材拍得如此平庸腻味。摄影不错，当成旅游宣传片看吧。
435,遗愿清单,1,thepiratebay
436,遗愿清单,2,和温情相反，这段看起来更像是人生最后的放纵，更像是说利益驱动的心理。倒是那个助理更出彩一些。
437,遗愿清单,2,没钱别想这么快乐的死。1找到自己生命里的快乐2给别人的生命带来快乐。
438,遗愿清单,1,一路R到翻。
439,遗愿清单,2,情节生硬，表演做作，虽然打着温情牌，但实在无法卒读
440,遗愿清单,2,2014-02-08  标记。并不喜欢这种套路。
441,遗愿清单,2,"题材很不错，但拍得不怎么样，比较空洞有些牵强。Jack Nicholson当年闪灵里的作家，他一笑我就觉得有种阴森森的癫狂。喜欢里面的那个亲吻世上最美的女人的愿望，看到主角在亲完孙女之后划掉了这条愿望，我笑了。
"
442,遗愿清单,2,难以置信短评中这么多人说，“看了这部片子知道了人生应该怎么过”云云。片子不是我的菜，即使由萝卜・莱纳导演也一样，他和两大戏骨都拯救不了这羸弱的剧本
443,遗愿清单,2,这片儿太傻缺了…凯撒国旅的广告吗
444,遗愿清单,2,"题材还行,但觉得不精彩"
445,遗愿清单,2,看的时候没在状态吧。或许是个好片子。
446,遗愿清单,1,忍不住给了1星
447,遗愿清单,2,一个人看的电影越多，评价很可能越mean ，达成这些梦想，你是有多少钱先
448,遗愿清单,2,剧情做作到两位主演加起来17次奥斯卡提名都挽救不了
449,遗愿清单,2,飙戏可否不要那么拖沓
450,遗愿清单,1,"世界旅游景点推荐片［雾］，两个老头的末日环游。精神内核：You measure youself by the people who measure themselves by you.不懂Denial,Anger,Bargaining,Depression,Acceptance."
451,遗愿清单,2,没新意的俗片  可惜了好演员
452,遗愿清单,2,弱爆了。。立意虽好。
453,遗愿清单,2,看完就忘的那种美国电影
454,遗愿清单,2,人老疾病被医生宣布最多活一年，于是死前疯狂做几件事。
455,遗愿清单,2,"把希望建立在或然率极低的他人之同情于恩赐上，也就只有童话了。
老卡:嘿哥们儿我说……
老爱:边儿去！烦呢！
剧终。"
456,遗愿清单,2,题材很好，演员自不必说，有几个片段跟不错，引人深思。杰克戴的眼镜挺有创意的。但总体来看算不上经典，总感觉内容不够充实，缺点东西。
457,遗愿清单,1,电影《遗愿清单》 http://v.youku.com/v_show/id_XMTc3Nzk2MTMy.html     
458,遗愿清单,2,两个牛人 不错的题材  却拍得很不到位  牵强
459,遗愿清单,1,老摩根简直就是男神级的人物，哭着看完，生死面前，一切都那么渺小。提醒我们珍惜眼前人，去享受自己的生命，去爱这个世界，去意识到什么才是最重要的，而什么是我们不必计较的。愿世间所有人都能活的平和喜乐，愿所有人都好好爱自己，好好活一次。
460,遗愿清单,2,kudo eri....y得一份H友x，影cheap thrill....
461,遗愿清单,2,该电影很好地示范了在普通剧本下，演技派演员的重要性。每个人都会被哪怕一瞬感动。
462,遗愿清单,2,演员是好戏骨，风景是美的，电影真的挺蠢的，但是蠢的电影也有很多好看的，问题是这部偏偏要讨论一下死亡啊癌症。还有不计其数被感动的观众和8.5分，我真的不懂。观众真的不是被钱感动吗。真的不是老年版小时代吗。。。
463,遗愿清单,1,从开头肉麻到结尾
464,遗愿清单,2,"剧情太俗套啦。
但是让我想到了一个问题，我之前说自己不惧衰老和死亡，其实是我从来没有真正明白过这意味着什么。
Life is short. 偶尔看看这种片子，是暂停梳理自己人生的契机。

其余的真是太烂俗了，那个年纪轻轻就做了父亲的汽修人员，一辈子有很多不如意。那个白手起家的人，倒过得开开心心，还有实现自己各种愿望的能力。

虽然汽修人员有家人陪伴，衬托那个大老板晚景凄凉，但真的衡量起来，还真说不好谁悲惨。"
465,遗愿清单,1,两个糟老头子的低劣之作，既没有我想看到的奇景，也没有什么新奇的愿望，电影也不好看。这样的垃圾能进入豆瓣top250，可见豆瓣的水准有多垃圾~！
466,遗愿清单,2,誓与土豪做朋友~
467,遗愿清单,2,都是⑺乐人，是那四字：及r行贰
468,遗愿清单,2,竭尽全力的煽情和意淫
469,遗愿清单,1,说这片子好的，都没看过敲开天堂的门？
470,遗愿清单,2,刚好和欧维那部电影前后脚看的，难免对比。欧维是因为身边的人很好变成了更好的人，这电影里面两个男的一个被塑造成我本可以成为更好的人但我为了家庭牺牲，另一个是我本就是个柔情铁父但我不在意女儿能不能理解。同样都是修车的mechanic，欧维一干就是40多年充满自豪感，卡特和他的同事都在尽力摆脱这个阶级这个工作，哪怕是精神上，太没意思了。
471,遗愿清单,2,好假...⒐费片
472,遗愿清单,2,不好看 和那个涉外大酒店一样 一群老年人演的片子就是拖沓
473,遗愿清单,2,难道改变人生起于你有运气偶遇到一个有钱的病友么？“曾经结婚多次如今却孤身一人的科尔逐渐对卡特产生了兴趣，两位老人在病房中结下了友谊。科尔偶然发现了卡特的“遗愿清单”，他决定运用自己的力量，让那些纸面上的疯狂构想一一实现，去发现人生的真正意义……”。算了，给将死的人留点念想的电影也是积德行善的。
474,遗愿清单,2,我一向有列各种清单的强迫症
475,遗愿清单,2,看一半没看完也不想继续的电影
476,遗愿清单,2,不喜欢这样的电影，生硬的灌输人生哲理。就像不喜欢于丹的《论语心得》一样
477,遗愿清单,2,人物特地消失和出现，角色行为跳脱，对死亡的探讨也没能深入……真的浪费了两位老司机啊！
478,遗愿清单,2,噱头性噱头，无聊啊无聊
479,遗愿清单,2,cliche cliche
480,遗愿清单,2,有钱就能做到的事算什么遗愿清单啊 况且这剧组都不愿意花钱去取个实景呢 
481,遗愿清单,2,受众应该是有钱有闲老头，看的时候，我在心中不断回想《寄生虫》的台词，可以篡改一下，“他们很好、很善良、很酷。”“他们这样是因为他们有钱，如果我有这么多钱，我会比他们更善良……更酷，酷无数倍”  哈，酷酷的人生很好，不留遗憾的人生也很好，这一切重在有钱，骚凹瑞～
482,遗愿清单,1,故事的发生都是要建立在你得有钱，有钱明白吗？电影之所以是电影，因为电影可以像小说一样天马乱坠，用艺术的手段来解释一些问题。可是我不太喜欢这个电影用的手段，会让人去忽视实际生活的残酷和现实的可怕。大多数人在绝症中，只是躺着、整日惶惶度日、最终死去，而之前呢？只是终日工作罢了。
483,遗愿清单,1,好R]式珍惜rg o趣
484,遗愿清单,1,〔长片〕 ― 〔72〕 〔2020 Δ 21〕 〔1小时 37分钟〕
485,遗愿清单,2,2012-12-29
486,遗愿清单,2,"是不知所云,还是我不习惯老男人的故事"
487,遗愿清单,2,剧情实在是太僵硬有点做作了。。几度都不想看了。。要不是两大主角都是响当当的大咖。。
488,遗愿清单,2,毫无力度。实际上只解决了一类人的临终理想，日复一日简单而乏味的上班族。然而对于很多人来说，一年的时光根本不可能完成什么。这时候你才发现生命的魅力是在于时光的延续性，在于长时间能达成的目标。这也就是我们那么爱“肖申克的救赎”的原因。总之，这清单不是我的。
489,遗愿清单,2,冲着片名去看的 失望  不过这两人的演技没得说~
490,遗愿清单,2,应该是怀着太高的期待来看，觉得会对人生有顿悟的启示。结果一遍都没坚持下来。一个字，太作
491,遗愿清单,2,好空洞好假的一碗鸡汤啊，一个亿万富翁会对环游世界还有这么大兴趣？一个蓝领工人看看世界风景就领悟人生了？两位年过花甲的癌症晚期患者在珠峰大本营5500米海拔还能气定神闲地讨论哲学？去这么多苦寒之地，看风景之余，如果有空关心一下人民疾苦，或许能真有点感悟吧。烂番茄40%，比较清醒。
492,遗愿清单,2,非常的扯蛋，我就问你在刷车场的老爸能不能和王思聪住同一间病房？
493,遗愿清单,2,两个惺惺相惜的老男人。可惜情感发展得太不自然了。想起看过的一本书《玛丽莎的心愿清单》，想来此书更能让我体悟到什么。
494,遗愿清单,2,穆迳即w到R尼拉，我共看了五部片，@是最後一部了。。。。。。感想：踏地在生活e加倍珍惜所有的一切。。。倒是卡特先生於所有宇宙事物Z~之Ｑ芯神很吸引我。。。
495,遗愿清单,2,越来越看不下去这种鸡汤电影，而且还是“偶遇有钱人”式的伪鸡汤
496,遗愿清单,2,有些无趣了，把死亡拍的有些廉价了
497,遗愿清单,2,我也想老了去看看这个世界，但我他妈的：没钱啊！所以前提是得有钱！不过电影真的不错91
498,遗愿清单,2,没钱的人恰巧遇到了有钱的人，有钱的人用他的钱让两人最后的时光泛起了不一样的色彩。作为回报，没钱的人一本正经地让有钱的人放下芥蒂，拥抱孩子，影片就这样地升华并高潮了。
499,遗愿清单,1,大咖告诉你清单是有钱人搞的
500,遗愿清单,2,什么垃圾剧情。这是我很长时间来第一部没看到中转点的片子。中间太冗长了。尴尬的台词，五毛的特效。钱都用来付钱给两个老头了么。
501,遗愿清单,2,人畜无害的影帝糖水温情风光片
502,遗愿清单,2,老生常谈的情感表达，并没有觉得比韩寒的电影高到哪里去，都是鸡汤段子的集锦，而且后半部分节奏突然崩掉，浪费了两个超一流演员的表演了。
503,遗愿清单,2,剧情概括：癌症/极限运动纸醉金迷十动然拒paid hooker回归家庭&die 好的9099 （多大年纪不是梦想而是做梦意淫都很讨人厌哈
504,遗愿清单,2,"interesting idea, but not for everybody to fly all over the world as if they're having a picnic. dumb dumb."
505,遗愿清单,2,钱钱钱，钱钱钱钱钱。
506,遗愿清单,1,太难看了，以至于我当初没有看完，cliche!!!
507,遗愿清单,2,两星给风景，演技。癌症最后不是这样的，医生也不是这样和病患沟通的。很不写实。
508,遗愿清单,2,结尾两个男主吵架的时候富翁说的话特别反鸡汤反励志，结果导演还是强行喂屎。为什么人一定要有家人陪伴才是圆满人生？私货夹太多有时候并非好事
509,遗愿清单,2,人生的价值在于你在资本主义中能混出的身价
510,遗愿清单,2,现代童话
511,遗愿清单,2,"头一次给top 250的片子打两星_(:з」∠)_片子探讨的话题还挺期待的，片头也很不错，不过故事比较疲软，没有更深入的挖掘遗愿清单，大部分情节仅仅停留在环游世界，沦为鸡汤片。浪费了这么好的题材，不知道为啥评价这么高。

感觉如果真的去医院采访二十个病人，拿到的清单都会比影片里的有深度的多。回过头来想，反而是黑人大叔最开始写的三个愿望最现实最直白最值得品味，白人大叔的遗愿就是为自己享受生活。但人的遗愿全都这么简单可以拿钱实现的吗。。

就像老人的遗愿可能是陪孙女一起逛逛街挑几条好看的裙子，中年人的遗愿可能是在家长会上听老师表扬一下自家的孩子，青年的遗愿可能是学会一个拿手菜做给爸妈吃，少年的遗愿可能是抱着吉他在大街上完成一场青涩的演出。

总之，看完这个片子，感觉这个故事相当脱离生活。"
512,遗愿清单,2,很无聊的一部电影，两个90到处旅游，顺便感叹一波人生，开头的画面更是假到不行，最后煽情也很刻意
513,遗愿清单,1,教化电影，看的想睡觉。
514,遗愿清单,2,一般吧没用到达期待 大概前30min在医院的部分更走心 后面基本是走马观花式了 环游世界啊就是靠钱堆嘛 两位老人与各自家人“妻子”“女儿”的矛盾很肤浅 生死话题也没有很好的深度
515,遗愿清单,2,就这？？？本片讨论的主题是“人生来在这世上存在的意义”，但将太多的镜头给到了一些无意义的事件，如两人间的分裂离合、日常辩嘴，这让影片最后的升华毫无意义。导致在我观影时没有感受，只有无聊和沉闷。
516,遗愿清单,2,流水线上的片子，另外这么多年过去了尼克尔森身上怎么还是有闪灵的感觉啊
517,遗愿清单,2,太粗糙了，整个影片就像是把大纲拍成了电影，细节全无
518,遗愿清单,2,还行吧 可能是太年轻看的也不太投入 没有觉得很into me 或许再大一些会更感同身受吧
519,遗愿清单,2,因为John Mayer献唱片尾曲才看的，男配充满睿智，但是电影真的好俗套啊
520,遗愿清单,2,非洲部分还可以
521,遗愿清单,2,端着，端着，累不累？
522,遗愿清单,2,故事乏善可陈，剧本更是稀烂。要不是有两大老戏骨飙戏（还没飙起来…），真不知这个知音体的心灵鸡汤会油腻成什么样……
523,遗愿清单,2,"Have you found joy in your life?
Has your life brought joy to others?"
524,遗愿清单,2,无新意
525,遗愿清单,2,虽然拍的是关于人生关乎生死的思考，但还是把悲剧硬拍成喜剧   不痛不痒。电影名字也是点题，同样起到剧透作用……
526,遗愿清单,2,之前在电影最top里看到过，十几分钟的讲解比电影看着更舒服；电影的节奏就是慢慢慢
527,遗愿清单,2,两个大男人的chickfilick 虚高减一星
528,遗愿清单,1,一点也不好看，一点感觉也没有，要不是习惯了坚持从头到尾看完一部片子，可能早就关掉了！
529,遗愿清单,2,影片情节简单，叙事直白。对我而言水位太低了，看此类影片根本不费脑，这就像女士细烟完全无法满足一个年长的老烟鬼对于尼古丁的需求一样。
530,遗愿清单,2,像是完成人生遗愿的故事 这样给了观众一个假象吧 本质上有点莫名其妙地就开始旅行了
531,遗愿清单,2,侧面说明了钱的重要性，身体要好。尼科尔森第一眼出来还是很闪灵
532,遗愿清单,2,中国人也太容易被感动了吧。这剧本真的放三十年前或许还能容忍。。。
533,遗愿清单,2,豆瓣 No. 237 :)，我一直以为两个大爷会组队参加那个知识竞答比赛然后大获全胜然后感动世界，但这显然不能怪我吧，相似主题的《白日梦想家》要牛逼的多，去探索世界、面对危险，去翻越围墙、拉近距离，去寻找彼此、相互感受，这就是生活的目的
534,遗愿清单,2,很久之前第一次看，无感。朋友圈有人发感想，以为自己没好好看，又找到打算看第二遍，看到一半还是看不下去，快进着都嫌剧情无聊老套。。。
535,遗愿清单,2,假 大 空
536,遗愿清单,2,他的双眼是紧闭的，但心是打开的。闭上双眼，让河水带你回家。找到你生命中的喜悦。
537,遗愿清单,2,Top250还有蛮多没看的，但每次补片之后的感受都是“果然以前不想看的就真的不好看”。
538,遗愿清单,1,资本家的消费指南。
539,遗愿清单,2,假模假式，主题不错，没拍出触动人心的效果。
540,遗愿清单,1,看到一半弃 实在太假……黑人老爷说他三个孩子的职业 音乐家 律师 等等 一家人其乐融融 年轻女性被自己吸引 说自己第一次说“我的房间在楼上”太假了太故意了 甚至看不下去摩根的脸了 好像自己最深沉最懂一切太沉浸在自己以前扮演的天使或上帝这样的角色了 浑身不舒服
541,遗愿清单,2,无非是在讲生命短暂，趁着现在做些想做的事，探讨人生意义的鸡汤。可找个有钱人的朋友还要拯救他的灵魂真的好难，也只能看看这部片子意淫了。
542,遗愿清单,2,故作深情，要不是两主角，我是不会鸟它滴。。。
543,遗愿清单,2,"主要是因为尼科尔森和摩根弗里曼（毕竟那四颗星上面写着推荐两个字嘛，这两个名字就是最好的理由了）
2020.3.16
--------------------------------------------
算了，这电影就是把这两个牛逼演员糟践了
2020.3.19
--------------------------------------------
越想越觉得差劲
2020.3.29"
544,遗愿清单,2,等到了最后，剧情也没什么“反转”，以生命的终了伴随故事的结尾是一种完整性，但也产生了走进死胡同的副作用，再加上循序渐进的演绎模式，愈发觉得没有看头
545,遗愿清单,2,把死亡刻画得太美好了。这世界因为有钱而不那么糟糕。普通人怎么办？寒碜地等死。
546,遗愿清单,2,确实是一部垃圾
547,遗愿清单,1,白瞎了好主题，最好的结尾应该是观众击掌赞叹而不是哭
548,遗愿清单,2,唯一喜欢的是两个老人浪漫的归处，骨灰装在罐头盒里，罐头埋在雪山之巅，和那张遗愿清单放在一起。（后来，一群不知天高地厚来登山的年轻人，登顶时弹尽粮绝，找到两盒“罐头”和那张写着遗愿的纸…）
549,遗愿清单,2,大家都喜欢绑架 同时也被绑架 被绑架后还总能准确理解绑架者的心态 你们美国佬到底是一群抖m还是死傲娇？
550,遗愿清单,2,“心灵鸡汤”？不是我的菜。 
551,遗愿清单,1,凭什么进250？凭人类对将死之人和死者的同情？
552,遗愿清单,2,2.5
553,遗愿清单,2,好像要讲一个很感人的故事，也许感动了一些人
554,遗愿清单,2,二星给演员...剧情已经打动不鸟窝这颗挑剔的心
555,遗愿清单,2,鸡汤片，越看越无力。
556,遗愿清单,2,浪费演员。钱可以改变人的性取向。
557,遗愿清单,2,标准美国式理想主义，一切的前提都是要有钱啊。
558,遗愿清单,2,额，一个很普通的将死的老头，遇到另一个坏脾气孤独有钱将死的老头，生命最后互相鼓舞的老套路电影。好莱坞传统心灵鸡汤小说改编的电影。老套路。看了真无感。
559,遗愿清单,2,俗套又冗长，没什么意思
560,遗愿清单,2,"Again, those two stars are for Morgan Freeman. Film is just a cheesy tourist program."
561,遗愿清单,2,没想象中的好看。
562,遗愿清单,1,Couldn't finish it. Fake and boring.
563,遗愿清单,2,故事烂透，什么人生啊，生命啊，虚伪的枷锁
564,遗愿清单,2,让每个人都能引起思考自己在那个出境下会怎样，但是电影剧情展现他们要做的事的意义和深度还可以再浓厚一些，更有深度些
565,遗愿清单,2,电影课老师放的 真的没啥意思 就酱
566,遗愿清单,2,Cliche... and so very cliche.
567,遗愿清单,1,真善美
568,遗愿清单,2,不仅鸡汤，还无聊，全片的一切行为都建立在巨有钱的基础上。迷信豆瓣这么多年来第一次上当受骗。
569,遗愿清单,2,故事太老套了，两大影帝完全没有发挥的空间。还有着很强的说教味，大家都想实现人生中的几个愿望，可看了半天难道还是要靠钱不是吗？至于夫妻、父女的人际关系，交代的实在太简单了。
570,遗愿清单,2,剧情老套，两块老姜毫无美感，只是这演技无法给3星了。
571,遗愿清单,2,杰克尼克尔森老了，跟飞越疯人院那个巅峰时期没有办法比，没看下去，
572,遗愿清单,2,被伤到了。所以给个不那么好的评价，说不上来哪点让我感觉难受
573,遗愿清单,1,看起来很好看的样子。没看。
574,遗愿清单,2,事实证明钱最重要
575,遗愿清单,2,"先来说点好的：人活在世上，跟着自己的内心情感走，不要因为那些没所谓的东西而留有遗憾。如果我能像两位主角一样，一直到行将就木还能保有对人生的热情，也便不枉此生。

给两颗星的理由：能不能不要这么粗糙啊。剧本真是很浮夸，意思是有钱才有疯狂的资格？大段煽情对话顶个肺用啊？"
576,遗愿清单,2,我对这部电影的印象真的没那么好，但在无数次想起死亡时，雪山石头底下放着的罐头总是出现在我的脑海里
577,遗愿清单,2,有点失望。剧情挺崩了。
578,遗愿清单,1,鉴于自己三观必须打一星的作品。。。。
579,遗愿清单,2,如果没有遇到一个富豪室友，一切都白搭，不过有些情节还是很感人的：不如亲吻这世界上最美的小女孩。
580,遗愿清单,2,喜欢“老年电影”，不过这个还是被《年轻气盛》秒成了渣渣。【刚才突然想不起来名字叫啥了，满脑子都是《及时行乐》【全怪胡桑桑【不接受反驳哼
581,遗愿清单,2,跳开主题的两个环节：爸爸解决了打女儿的女婿，卡特不收美色诱惑回到家与老婆重回蜜月期。    进入天堂只有两个问题你快乐吗你带给别人快乐过吗
582,遗愿清单,2,完全没高潮
583,遗愿清单,1,呵呵呵     强行温情，真的是恶心
584,遗愿清单,2,我还以为死在路上，原来是死在家里
585,遗愿清单,2,有这两位都看不下去，对这个类型已免疫
586,遗愿清单,2,想知道换作两个穷鬼，故事怎样
587,遗愿清单,2,11/5/2017 MSP 
588,遗愿清单,2,没看下去，这也能进豆瓣250，惊呆
589,遗愿清单,2,所以“遗愿”全靠幕布，开头就知结尾，还能到八点五分？这种遗愿我能写个上百条，前提是我要有钱...
590,遗愿清单,2,死前浪一把
591,遗愿清单,2,这种鸡汤与套路我始终接受无能啊。本质上和「触不可及」的模式是一样的，但这么一对比，高下立判啊。
592,遗愿清单,2,节奏很重要
593,遗愿清单,2,星星就像一个个洞 另一头就是天堂 赚多点钱才有能力实现遗愿
594,遗愿清单,2,幽默而温情，向肖申克致敬，by the way，什么时候一起去跳伞吧
595,遗愿清单,2,太失望了 这种题材能拍得这么难看也是有点厉害
596,遗愿清单,2,首先你要有钱…才能完成这些遗愿
597,遗愿清单,2,"剧情老套
"
598,遗愿清单,2,实在是俗气透顶的电影，摩根弗里曼和杰克尼科尔森真是闲着没事演点这破玩意
599,遗愿清单,1,准确评分应该是3分，如果满分是十分的话。
